sex,height,weight
F,1.65,59.9
F,1.56,54.1
F,1.47,81.9
M,1.85,101.7
M,1.65,63.1
F,1.69,57.1
F,1.57,83.5
M,1.76,59.5
F,1.52,73.5
F,1.74,86.0
M,1.88,77.0
M,1.88,104.7
M,1.75,84.1
M,1.66,52.8
M,1.71,83.0
F,1.67,76.9
F,1.53,46.0
F,1.45,57.6
F,1.62,42.5
F,1.55,78.0
M,1.58,60.7
M,1.67,53.9
F,1.57,71.4
M,1.76,67.3
M,1.85,133.9
F,1.59,68.2
M,1.63,78.0
F,1.51,75.0
F,1.67,53.3
F,1.69,94.3
F,1.71,57.5
F,1.62,58.0
F,1.89,73.8
F,1.62,70.9
F,1.65,88.2
F,1.74,65.0
F,1.75,64.4
M,1.82,83.2
F,1.58,56.1
F,1.67,61.7
M,1.73,71.4
F,1.57,65.4
M,1.82,81.3
F,1.78,76.0
F,1.65,50.7
F,1.67,64.6
M,1.74,115.6
M,1.84,74.0
M,1.74,94.8
M,1.76,64.8
M,1.69,57.0
M,1.71,57.4
M,1.79,64.9
F,1.66,76.1
M,1.76,66.3
M,1.85,94.6
F,1.75,65.7
M,1.7,81.7
M,1.79,63.2
F,1.46,49.4
F,1.54,55.9
M,1.8,61.5
M,1.72,82.5
M,1.75,78.1
F,1.61,58.3
M,1.58,47.4
F,1.72,63.6
F,1.5,60.7
M,1.6,58.0
M,1.77,58.1
F,1.68,54.7
M,1.8,56.9
F,1.59,62.7
F,1.46,46.5
M,1.91,108.2
F,1.65,46.5
F,1.46,52.3
M,1.72,90.9
F,1.82,72.6
F,1.69,64.3
F,1.67,60.2
F,1.42,62.4
M,1.62,61.2
F,1.57,79.7
F,1.67,55.3
M,1.75,60.2
F,1.58,61.3
M,1.8,68.7
M,2.03,87.4
F,1.6,88.8
M,1.88,114.4
M,1.82,125.2
M,1.7,70.4
M,1.61,76.5
F,1.44,50.8
F,1.68,52.7
F,1.54,66.4
M,1.86,66.9
M,1.67,62.3
M,1.95,102.0
F,1.69,69.1
F,1.58,64.1
M,1.74,104.3
F,1.68,76.2
F,1.58,53.0
M,1.72,71.9
M,1.87,125.1
F,1.51,52.5
M,1.73,96.6
M,1.77,85.2
M,1.75,91.2
F,1.74,89.6
M,1.64,50.9
F,1.56,55.7
M,1.87,99.7
M,1.85,151.1
F,1.71,69.6
F,1.71,100.9
F,1.6,82.5
M,1.76,58.8
F,1.58,51.1
F,1.68,54.8
M,1.66,65.0
F,1.47,51.2
M,1.69,53.8
M,1.77,92.1
M,1.77,90.0
F,1.63,69.4
F,1.57,70.5
M,1.82,122.5
M,1.79,60.1
F,1.58,47.3
F,1.54,89.3
F,1.66,73.2
F,1.73,116.0
F,1.48,56.1
F,1.57,74.2
F,1.77,80.6
F,1.54,41.7
F,1.67,72.1
M,1.78,76.9
M,1.74,68.4
F,1.54,77.5
F,1.76,67.3
M,1.85,90.1
F,1.64,67.7
M,1.78,75.6
F,1.6,53.5
F,1.45,49.1
F,1.58,58.4
M,1.71,47.3
M,1.73,67.1
F,1.72,79.3
F,1.72,85.1
M,1.67,75.0
F,1.73,62.0
F,1.48,61.2
M,1.76,90.9
M,1.68,91.1
M,1.82,104.2
F,1.7,59.0
F,1.72,55.0
M,1.88,105.6
F,1.56,69.7
M,2.0,93.3
F,1.69,84.0
M,1.72,80.6
M,1.7,54.9
F,1.74,62.3
M,1.82,58.7
M,1.84,131.1
F,1.67,62.9
F,1.65,78.7
F,1.74,65.3
M,1.83,107.3
M,1.91,104.9
F,1.61,50.7
M,1.61,118.3
M,1.64,67.6
M,1.62,88.8
M,1.68,83.2
M,1.6,51.7
M,1.81,65.1
F,1.6,63.5
M,2.02,112.8
M,1.59,53.1
F,1.55,70.8
M,1.74,74.7
F,1.61,52.4
F,1.62,67.7
M,1.56,59.1
M,1.71,73.6
M,1.61,45.0
M,1.75,59.2
M,1.85,90.6
F,1.63,77.1
F,1.57,56.1
F,1.48,58.1
F,1.58,47.6
M,1.78,74.2
M,2.02,111.5
M,1.64,75.9
M,1.82,69.3
M,1.89,91.3
M,1.63,75.6
F,1.44,61.2
M,1.74,106.6
M,1.72,56.4
F,1.63,91.8
F,1.67,72.8
F,1.67,67.5
M,1.76,74.4
M,1.95,113.3
F,1.82,78.4
M,1.86,93.2
F,1.48,50.2
F,1.61,71.2
M,1.89,95.7
F,1.77,122.8
F,1.82,73.1
F,1.51,52.7
M,1.76,77.0
F,1.71,60.5
F,1.61,70.9
F,1.77,62.8
M,1.76,72.2
F,1.59,56.2
F,1.73,56.4
F,1.72,65.9
F,1.61,72.0
M,1.78,58.5
M,1.72,83.7
M,1.74,105.3
F,1.71,74.9
M,1.88,75.9
M,1.55,70.0
M,1.78,73.1
F,1.52,48.9
M,1.72,59.9
F,1.44,47.2
F,1.71,66.9
F,1.6,56.5
M,1.83,91.4
F,1.46,67.6
F,1.7,52.2
M,1.62,73.4
F,1.72,56.2
F,1.72,70.9
F,1.58,61.6
F,1.68,52.5
F,1.66,71.6
M,1.66,80.5
F,1.81,105.4
M,1.61,78.0
M,1.75,56.7
F,1.54,63.6
M,1.72,69.6
M,1.82,80.4
F,1.72,70.8
F,1.79,79.8
F,1.68,71.6
F,1.63,92.2
F,1.65,67.2
M,1.87,74.8
F,1.77,97.3
F,1.72,87.6
F,1.62,45.9
F,1.59,64.2
F,1.61,67.8
F,1.67,70.7
M,1.61,86.5
M,1.78,73.6
M,1.81,61.7
M,1.79,59.4
M,1.69,61.6
M,1.74,78.7
F,1.55,67.8
F,1.68,67.7
M,1.69,76.8
F,1.6,61.2
M,1.73,80.9
M,2.01,92.4
F,1.68,72.2
M,2.05,82.4
F,1.54,62.7
M,1.82,65.3
F,1.59,66.9
M,1.73,83.0
M,1.64,59.0
F,1.55,56.7
F,1.74,74.5
F,1.63,87.5
M,1.97,114.0
M,1.69,72.2
F,1.73,99.6
F,1.58,72.2
F,1.69,85.2
M,1.68,54.1
F,1.6,52.5
F,1.28,48.5
M,1.72,60.8
F,1.55,82.3
F,1.66,69.1
F,1.81,72.4
M,1.86,68.6
M,1.63,60.1
M,1.77,87.6
F,1.56,100.1
M,1.7,98.9
M,1.74,69.8
F,1.47,71.0
M,1.6,69.6
F,1.59,90.2
M,1.65,84.3
F,1.5,54.7
M,1.88,94.4
M,1.81,96.6
M,2.01,160.5
F,1.63,69.5
M,1.85,87.9
M,1.57,69.6
M,1.95,92.2
F,1.78,57.2
F,1.71,65.6
F,1.48,53.6
M,1.74,88.2
M,1.83,85.5
F,1.69,80.3
M,1.77,85.7
F,1.62,71.4
M,1.79,70.9
M,1.73,64.6
F,1.68,54.4
F,1.45,47.1
F,1.65,64.1
F,1.6,48.4
F,1.51,66.5
M,1.8,92.7
F,1.67,59.7
M,1.69,82.4
F,1.4,46.1
M,1.97,76.2
F,1.83,94.2
F,1.55,87.1
M,1.82,87.2
F,1.34,40.1
M,1.75,121.3
F,1.46,63.7
F,1.72,63.8
M,1.8,64.6
F,1.57,60.7
M,1.68,66.3
F,1.76,54.5
F,1.68,58.4
M,1.76,89.3
F,1.49,44.7
F,1.58,74.5
M,1.71,92.8
F,1.36,50.3
F,1.7,66.8
M,1.85,64.2
F,1.66,94.9
F,1.64,58.1
M,1.89,68.0
M,1.86,92.8
F,1.52,74.9
F,1.48,63.1
F,1.46,40.3
M,1.78,75.5
F,1.61,55.9
F,1.77,61.7
M,1.88,65.7
F,1.63,65.2
M,1.8,68.1
F,1.64,89.2
M,1.79,88.3
M,1.83,70.3
F,1.5,49.3
M,1.68,61.8
M,1.64,79.0
F,1.53,48.7
F,1.66,65.7
M,1.87,83.7
M,1.8,86.1
M,1.85,66.7
F,1.43,44.4
M,1.68,53.7
M,1.67,78.0
M,1.75,66.8
M,1.77,118.2
F,1.6,69.2
M,1.84,91.5
M,1.69,68.6
M,1.65,59.9
F,1.69,62.5
F,1.71,83.5
F,1.77,84.2
F,1.61,64.0
F,1.42,55.5
M,1.71,56.2
M,1.73,88.5
M,1.72,75.7
F,1.83,87.4
M,1.65,69.1
F,1.38,42.0
F,1.61,76.2
F,1.7,80.6
F,1.72,48.0
M,1.62,74.8
M,1.94,126.9
M,1.73,82.7
F,1.7,68.8
M,1.75,70.1
M,1.75,72.6
M,1.68,88.4
M,1.64,64.8
F,1.68,52.5
F,1.66,69.3
F,1.76,81.9
M,1.85,90.6
F,1.64,72.9
F,1.5,52.3
M,1.91,106.5
F,1.65,52.8
F,1.57,48.3
M,1.68,53.5
M,1.8,84.1
M,1.76,86.5
F,1.73,81.5
M,1.68,58.8
M,1.65,116.7
F,1.58,70.7
M,1.69,61.9
F,1.65,56.2
M,1.8,94.8
M,1.72,69.9
M,1.76,61.9
F,1.71,63.8
M,1.83,75.6
M,1.62,94.2
F,1.61,48.4
M,1.79,84.8
M,1.75,77.1
M,1.77,99.1
M,1.81,63.8
M,1.91,81.2
F,1.4,41.4
F,1.65,66.6
F,1.54,68.0
M,1.78,73.1
F,1.49,42.8
M,1.63,44.6
F,1.71,71.9
M,1.84,108.1
M,1.74,68.0
M,1.8,66.4
M,1.86,83.3
M,1.8,95.6
F,1.57,59.1
F,1.6,68.6
F,1.65,90.7
M,1.78,78.0
F,1.78,75.6
M,1.86,103.0
F,1.58,56.5
F,1.87,70.3
M,1.69,53.0
F,1.53,47.9
F,1.74,57.9
F,1.54,51.5
F,1.51,68.0
F,1.7,98.3
M,1.9,85.1
F,1.6,67.5
M,1.73,81.8
M,1.6,59.5
M,2.05,104.0
M,1.79,67.7
F,1.71,64.1
M,1.84,97.8
F,1.47,43.9
M,1.8,87.0
F,1.7,97.9
F,1.59,73.3
F,1.74,73.5
F,1.69,64.2
F,1.75,94.3
F,1.79,88.5
M,1.82,96.2
M,1.73,57.1
F,1.71,63.7
M,1.79,100.1
M,1.62,61.6
F,1.51,43.1
M,1.67,69.3
F,1.56,63.6
M,1.8,93.9
M,1.61,51.6
F,1.58,55.7
M,1.78,114.3
F,1.67,58.8
M,1.57,60.4
F,1.54,62.5
M,1.8,85.9
M,1.82,62.9
F,1.58,61.0
F,1.55,48.0
M,1.82,65.1
F,1.64,64.1
M,1.87,103.2
M,1.76,76.6
M,1.71,80.2
M,1.8,70.4
M,1.62,54.8
M,1.62,63.7
F,1.56,56.5
M,1.97,90.5
F,1.65,127.4
F,1.9,84.4
M,1.79,62.7
M,1.89,92.7
M,1.87,119.9
F,1.73,73.1
F,1.51,74.0
M,1.83,65.6
F,1.58,74.5
F,1.83,80.6
M,1.75,58.9
F,1.55,77.4
M,1.68,58.8
M,1.75,75.8
M,1.97,95.4
M,1.73,107.5
M,1.71,79.3
M,1.76,100.6
F,1.57,65.9
M,1.79,104.1
F,1.73,63.6
M,1.73,54.3
F,1.84,70.7
F,1.58,59.4
F,1.58,54.9
F,1.59,48.5
F,1.6,83.3
F,1.74,83.0
M,1.71,68.3
M,1.86,86.7
M,1.97,107.2
M,1.71,100.6
F,1.74,68.8
F,1.45,43.7
M,1.74,86.8
F,1.65,55.8
F,1.55,47.7
M,1.86,111.9
F,1.52,51.1
M,1.77,67.4
M,1.56,63.1
M,1.78,68.6
F,1.54,63.0
F,1.71,58.1
M,1.71,77.1
F,1.71,65.5
M,1.82,87.4
M,1.69,74.9
M,1.75,61.2
F,1.79,75.8
F,1.72,104.4
F,1.49,55.2
M,1.81,86.4
M,1.65,66.8
M,1.9,76.1
F,1.69,85.3
M,1.88,101.8
F,1.49,52.0
F,1.72,107.5
F,1.71,65.2
M,1.69,60.8
F,1.53,61.9
M,1.87,80.3
M,1.94,103.8
F,1.53,64.8
F,1.6,74.8
F,1.46,42.4
M,1.86,64.9
F,1.6,49.6
F,1.55,56.0
M,1.6,89.1
M,1.79,95.2
F,1.53,55.5
F,1.66,69.7
F,1.57,60.3
M,1.77,73.2
F,1.56,68.3
F,1.67,78.0
F,1.66,56.0
M,1.84,68.1
M,1.77,89.0
F,1.6,61.0
F,1.5,52.4
F,1.55,56.6
M,1.86,59.6
F,1.83,90.7
F,1.8,99.3
M,1.7,72.9
F,1.67,69.9
M,1.8,63.3
M,1.81,88.1
M,1.72,90.6
M,1.87,93.8
M,1.89,94.6
M,1.86,91.6
M,1.57,47.6
F,1.72,56.3
M,1.94,130.5
M,1.78,81.1
F,1.63,64.1
F,1.74,53.1
F,1.58,61.8
M,1.73,76.0
F,1.66,65.4
M,1.59,70.8
M,1.71,79.8
F,1.64,75.4
F,1.64,64.8
F,1.54,54.7
M,1.74,121.3
F,1.66,50.7
M,1.79,79.7
M,1.97,75.2
F,1.64,88.0
F,1.7,62.1
F,1.61,74.3
M,1.61,82.3
M,1.67,79.6
M,1.78,74.0
F,1.57,53.3
M,1.74,64.2
F,1.72,61.6
F,1.54,52.6
M,1.67,79.4
F,1.68,82.3
M,1.77,104.9
M,1.79,60.6
F,1.52,86.6
F,1.58,66.8
F,1.55,80.5
M,1.68,84.2
F,1.71,66.6
F,1.65,71.9
M,1.82,90.3
F,1.81,61.1
M,1.8,64.3
M,1.63,60.7
M,1.9,114.1
F,1.38,46.0
M,1.68,71.4
M,1.8,73.0
M,1.91,103.3
M,1.78,69.1
F,1.53,48.2
F,1.63,77.6
M,1.71,58.0
F,1.71,75.7
F,1.56,49.7
F,1.79,59.8
F,1.56,49.1
M,1.61,80.7
M,1.64,73.2
M,1.88,74.9
M,1.72,63.1
M,1.72,105.2
M,1.8,90.9
M,1.81,76.9
M,1.92,70.7
F,1.68,53.2
M,1.84,67.1
F,1.43,46.7
F,1.74,74.2
F,1.64,72.3
F,1.57,65.7
M,1.76,66.8
M,1.75,76.6
F,1.68,72.0
M,1.76,64.6
M,1.8,101.8
M,1.75,68.3
M,1.62,50.8
F,1.78,57.6
M,1.85,68.4
M,1.73,64.6
M,1.81,90.5
F,1.61,60.7
M,1.8,72.9
F,1.53,77.8
F,1.59,58.2
F,1.5,49.8
M,1.78,71.4
M,1.69,59.5
M,1.71,55.7
M,1.85,150.0
F,1.7,113.1
F,1.59,65.4
M,1.88,116.0
F,1.5,60.1
M,1.71,56.7
M,1.78,63.4
F,1.64,58.1
M,1.67,73.7
M,1.68,68.5
M,1.8,87.4
F,1.63,63.8
F,1.52,49.4
M,1.71,57.5
F,1.87,115.3
M,1.66,63.6
F,1.54,65.9
F,1.67,70.7
M,1.66,56.0
M,1.74,102.7
M,1.81,60.8
F,1.68,80.2
M,1.75,59.9
M,1.76,63.7
F,1.7,79.7
M,1.81,83.9
M,1.64,54.3
M,1.76,81.8
F,1.7,63.7
M,1.85,73.7
F,1.63,80.5
M,1.72,85.7
M,1.81,75.1
M,1.88,70.2
M,1.73,60.3
F,1.87,87.9
F,1.67,80.6
F,1.56,93.0
F,1.68,87.7
M,1.88,99.7
M,1.91,102.5
M,1.84,89.0
M,1.83,65.3
M,1.59,89.6
F,1.62,91.5
M,1.59,45.4
F,1.57,54.2
M,1.78,93.9
F,1.65,68.9
M,1.85,79.6
M,1.7,70.4
M,1.7,57.6
M,1.86,90.0
M,1.61,69.7
F,1.66,79.4
F,1.66,76.6
F,1.65,66.8
F,1.46,62.0
F,1.67,52.8
F,1.6,57.1
M,1.88,85.0
M,1.71,55.0
F,1.43,44.6
M,1.85,64.7
F,1.62,61.9
M,1.75,77.3
F,1.92,89.7
M,1.62,79.0
F,1.39,42.0
M,1.79,90.0
M,1.9,117.9
M,1.75,79.9
F,1.7,72.7
F,1.64,59.3
F,1.61,61.0
M,1.79,89.6
M,1.74,65.1
F,1.58,67.3
F,1.59,108.9
M,1.8,63.5
M,1.62,49.9
F,1.78,80.3
F,1.53,46.8
M,1.79,90.1
M,1.77,85.0
F,1.76,70.3
F,1.61,62.6
M,1.94,83.3
M,1.72,79.9
M,1.87,85.5
M,1.94,119.3
F,1.51,54.5
M,1.6,68.1
M,1.82,63.5
M,1.73,66.1
M,1.71,72.1
F,1.42,57.3
M,1.79,76.5
M,1.78,109.4
M,1.79,91.1
F,1.67,58.8
M,1.58,67.5
M,1.9,85.8
M,1.67,75.5
F,1.66,58.6
F,1.79,116.4
M,1.8,81.9
M,1.67,66.5
F,1.65,47.8
M,1.77,60.2
F,1.43,49.1
M,1.58,55.1
F,1.67,52.3
M,1.72,111.9
F,1.46,62.9
M,1.7,67.1
F,1.53,77.1
M,1.82,72.1
F,1.39,49.4
F,1.52,45.6
M,1.93,90.1
F,1.67,59.3
F,1.78,63.7
M,1.71,89.1
F,1.55,90.4
F,1.67,77.6
M,1.65,63.9
M,1.76,74.2
F,1.6,60.4
F,1.57,62.7
M,1.77,107.2
F,1.55,52.0
F,1.6,66.3
M,1.75,86.8
F,1.62,54.8
M,1.62,48.8
M,1.9,107.9
F,1.68,61.6
M,1.84,82.6
F,1.64,69.6
M,1.87,68.7
M,1.9,69.2
F,1.69,57.9
F,1.88,100.1
F,1.53,51.9
M,1.98,103.5
M,1.85,65.1
F,1.51,57.0
F,1.78,88.0
F,1.72,88.1
M,1.82,60.1
F,1.54,89.2
M,1.74,62.8
F,1.72,59.0
F,1.53,53.1
F,1.73,89.4
F,1.65,81.1
F,1.6,63.6
F,1.65,53.8
F,1.71,66.6
M,1.76,79.1
F,1.68,111.3
M,1.76,90.4
M,1.79,95.0
F,1.7,73.2
F,1.83,71.9
F,1.56,66.4
F,1.64,52.3
F,1.72,83.3
M,1.71,76.3
F,1.66,62.1
F,1.62,68.7
F,1.61,60.7
M,1.69,86.6
F,1.68,61.4
M,1.88,72.9
M,1.9,137.2
M,1.82,97.0
M,1.78,71.7
F,1.55,53.0
F,1.53,44.2
M,1.73,77.4
F,1.49,75.7
M,1.71,76.3
F,1.81,63.7
M,1.68,74.7
M,1.82,78.3
M,1.73,74.2
M,1.75,72.3
F,1.54,55.0
F,1.63,76.1
F,1.76,80.7
M,1.76,67.2
M,1.84,87.1
F,1.5,92.4
F,1.59,58.5
F,1.52,63.7
F,1.55,58.0
M,1.76,75.1
M,1.77,88.3
M,1.81,69.1
F,1.59,57.1
F,1.76,68.8
F,1.56,46.4
M,1.83,86.3
M,1.79,72.4
F,1.52,56.7
F,1.7,50.0
M,1.85,95.7
F,1.68,75.0
F,1.9,102.3
F,1.66,66.8
F,1.46,63.1
M,1.77,73.1
F,1.48,65.2
M,1.62,52.7
F,1.67,61.4
M,1.87,93.1
F,1.5,77.8
M,1.79,79.3
M,1.73,75.1
F,1.75,59.6
F,1.58,47.6
F,1.58,58.8
F,1.66,52.7
F,1.69,67.8
F,1.6,59.7
F,1.64,67.4
M,1.9,73.1
M,1.96,73.8
M,1.73,75.6
F,1.57,67.0
F,1.64,63.4
M,1.58,96.8
M,1.66,72.4
F,1.86,79.4
M,1.71,72.1
M,1.68,81.9
M,1.71,62.5
M,1.77,61.2
F,1.6,53.8
M,1.75,88.2
F,1.65,82.0
M,1.79,75.6
M,1.67,60.8
M,1.66,52.4
F,1.54,58.4
F,1.68,58.7
M,1.8,59.6
M,1.64,67.3
M,1.75,68.8
M,1.69,61.8
F,1.82,53.3
F,1.71,73.1
F,1.68,73.3
F,1.54,51.5
F,1.5,42.3
M,2.0,93.7
F,1.63,65.4
M,1.78,74.8
M,1.64,54.9
F,1.7,67.9
F,1.48,46.4
M,1.89,95.6
M,1.84,63.3
M,1.72,62.3
M,1.92,88.5
F,1.56,55.8
M,1.71,69.8
M,1.77,71.3
M,1.71,82.1
M,1.83,61.3
F,1.62,58.1
F,1.51,52.8
M,1.53,61.1
F,1.66,87.9
F,1.63,73.9
F,1.69,61.2
F,1.63,53.4
M,1.7,56.5
M,1.81,76.6
F,1.51,61.5
M,1.89,97.3
F,1.73,83.8
F,1.54,53.2
M,1.75,89.6
M,1.74,64.8
M,1.73,99.9
M,1.64,58.2
M,1.79,78.9
F,1.75,91.5
F,1.63,61.5
F,1.57,59.5
F,1.59,70.9
F,1.68,80.6
M,1.55,58.7
F,1.66,80.0
M,1.78,62.1
F,1.61,71.5
F,1.58,58.5
M,1.76,136.0
M,1.78,84.1
F,1.66,51.7
F,1.75,84.3
F,1.71,105.4
M,1.73,71.4
M,1.61,57.9
F,1.63,61.2
F,1.66,52.0
F,1.57,62.5
F,1.74,141.6
F,1.65,61.0
F,1.71,54.5
F,1.56,43.2
M,1.63,51.1
F,1.61,70.2
F,1.68,69.8
F,1.72,95.6
F,1.61,73.5
M,1.74,59.3
M,1.65,62.3
F,1.6,59.0
F,1.67,54.2
M,1.75,57.8
F,1.58,67.5
M,1.64,68.7
M,1.86,85.9
F,1.77,85.1
F,1.58,92.3
F,1.36,38.5
F,1.63,56.2
M,1.93,96.3
M,1.81,60.6
M,1.97,109.9
F,1.49,59.0
F,1.63,50.0
M,1.73,79.4
F,1.69,69.2
M,1.62,56.1
M,1.57,49.7
F,1.74,87.9
F,1.49,53.5
F,1.87,97.8
M,1.77,72.0
F,1.46,49.4
F,1.53,60.1
F,1.6,68.3
F,1.78,67.5
F,1.57,71.3
F,1.54,46.6
F,1.53,49.1
F,1.64,64.0
M,1.86,65.4
F,1.74,59.2
M,1.82,79.0
M,1.72,77.2
F,1.65,58.5
F,1.66,56.4
F,1.7,97.4
M,1.67,67.3
M,1.49,52.1
M,1.62,75.1
M,1.68,62.2
M,1.65,70.7
F,1.72,62.7
F,1.72,81.7
M,1.49,49.9
F,1.72,74.1
M,1.72,84.5
F,1.78,104.1
M,1.66,73.3
M,1.72,59.3
F,1.66,71.8
M,1.72,97.7
M,1.67,65.8
M,1.92,88.1
M,1.84,74.0
F,1.66,68.4
M,1.64,55.0
M,1.72,60.3
M,1.85,65.3
F,1.55,46.4
F,1.6,86.8
F,1.5,45.4
F,1.6,60.3
F,1.6,64.2
M,1.84,68.8
F,1.62,63.1
F,1.63,78.1
F,1.82,80.3
M,1.77,73.9
M,1.69,81.8
F,1.59,61.5
F,1.65,45.4
F,1.65,61.9
M,1.57,90.3
F,1.75,84.6
F,1.58,56.5
F,1.84,112.9
F,1.43,56.3
F,1.62,63.8
M,1.77,71.2
F,1.56,68.1
F,1.67,74.1
M,1.88,67.1
F,1.65,63.1
F,1.62,63.8
F,1.63,50.5
M,1.67,99.5
M,1.81,89.4
M,1.71,71.0
F,1.66,51.4
M,1.77,64.7
F,1.67,55.8
F,1.87,69.0
F,1.79,87.1
M,1.79,80.6
M,1.83,65.4
M,1.68,80.2
M,1.55,72.6
F,1.6,72.5
M,1.61,87.2
F,1.74,64.5
M,1.69,83.0
M,1.81,97.9
F,1.68,86.5
M,1.69,61.6
M,1.79,110.2
M,1.86,69.9
M,1.68,57.0
M,1.9,69.7
F,1.49,65.6
F,1.67,73.2
F,1.74,77.3
F,1.61,62.9
F,1.58,69.8
F,1.5,53.4
F,1.45,45.4
F,1.59,77.7
M,1.82,69.2
M,1.82,86.8
F,1.52,58.8
M,1.91,106.5
F,1.59,54.9
M,1.72,73.2
F,1.58,62.5
M,1.72,76.9
M,1.86,89.3
F,1.56,46.9
M,1.85,104.6
F,1.43,54.2
M,1.61,55.2
M,1.69,86.1
F,1.7,122.0
F,1.59,59.8
F,1.73,90.4
M,1.59,51.9
F,1.51,64.7
F,1.55,51.9
F,1.76,69.6
M,1.83,101.3
M,1.89,66.5
M,1.54,54.8
M,1.72,104.3
F,1.81,75.2
F,1.55,43.6
F,1.63,58.7
M,1.59,71.9
F,1.65,75.4
F,1.76,69.0
F,1.69,78.7
M,1.64,50.2
M,1.92,78.7
M,1.7,77.7
M,1.62,56.4
M,1.69,56.4
F,1.62,85.8
M,1.76,83.0
M,1.68,57.8
F,1.34,45.0
M,1.82,108.2
M,1.66,76.1
F,1.51,49.6
M,1.79,83.2
M,1.85,97.4
F,1.67,68.6
M,1.87,95.8
M,1.81,76.6
M,1.61,62.1
F,1.71,80.6
M,1.57,64.5
M,1.87,70.4
M,1.83,68.2
M,1.66,64.7
M,1.65,72.3
M,1.94,94.3
M,1.82,73.2
F,1.58,56.5
F,1.77,85.9
M,1.79,83.7
F,1.61,53.3
F,1.48,55.5
F,1.64,50.7
M,1.9,73.4
F,1.79,80.1
M,1.82,89.0
M,1.76,90.4
F,1.6,73.0
M,1.87,94.4
F,1.59,77.9
F,1.86,89.4
M,1.79,92.2
M,1.77,148.0
F,1.6,71.2
F,1.56,65.7
F,1.61,62.6
F,1.59,49.2
M,1.87,67.1
M,1.68,69.1
M,1.67,97.0
F,1.64,57.1
M,1.89,98.0
M,1.82,83.1
M,1.72,67.6
M,1.58,55.3
M,1.72,87.7
M,1.77,60.7
M,1.57,66.0
M,1.74,84.0
F,1.53,62.3
F,1.69,61.9
M,1.89,122.4
F,1.79,66.1
F,1.54,44.0
M,2.07,115.8
M,1.83,87.7
F,1.59,48.6
F,1.55,49.0
M,1.59,54.8
M,1.66,74.6
M,1.67,69.7
M,1.89,86.3
F,1.66,68.2
M,1.8,82.8
F,1.66,66.5
F,1.52,64.2
F,1.48,53.9
M,1.7,55.1
M,1.72,77.1
M,1.72,65.7
M,1.81,85.7
F,1.66,56.0
F,1.6,51.7
F,1.59,52.7
F,1.46,52.9
M,1.8,100.0
M,1.7,80.0
M,1.75,147.8
M,1.69,70.5
F,1.62,50.0
F,1.83,72.6
M,1.88,103.2
M,1.75,60.2
F,1.54,45.1
F,1.51,63.7
F,1.62,61.6
F,1.67,75.1
F,1.48,53.9
M,1.71,58.5
F,1.65,85.6
M,1.76,75.6
M,1.93,96.0
F,1.6,63.4
M,1.69,59.2
M,1.88,97.8
F,1.62,88.2
F,1.71,70.7
M,1.75,72.4
F,1.69,78.0
F,1.43,56.0
M,1.93,86.1
M,1.81,78.1
F,1.71,56.6
F,1.74,90.4
F,1.54,72.4
F,1.57,68.1
F,1.68,72.9
F,1.34,42.9
M,1.89,116.1
F,1.68,83.9
M,1.58,60.6
M,1.82,99.9
F,1.62,62.7
F,1.69,59.4
F,1.74,56.9
F,1.58,49.3
M,1.8,79.4
F,1.65,44.1
M,1.7,84.8
F,1.5,43.1
F,1.75,67.0
M,1.91,103.5
F,1.62,61.8
M,1.57,66.0
M,1.6,50.0
F,1.59,90.0
M,1.61,51.1
F,1.79,61.2
F,1.62,76.9
F,1.78,120.5
M,1.91,126.4
M,1.65,73.2
M,1.67,61.2
F,1.66,91.9
F,1.69,63.7
M,1.69,59.4
F,1.71,56.0
F,1.65,75.3
F,1.58,60.7
M,1.67,70.1
M,1.73,58.8
F,1.61,54.0
F,1.79,65.0
M,1.63,78.3
F,1.57,83.2
M,1.67,62.7
F,1.69,64.8
M,1.8,60.4
M,1.68,72.9
M,1.82,123.4
M,1.68,79.7
M,1.57,49.4
F,1.77,73.0
M,1.97,102.5
M,1.76,67.0
M,1.72,68.3
F,1.69,53.0
M,1.84,96.9
M,1.9,99.4
M,1.59,56.2
M,1.74,62.0
M,1.85,108.9
F,1.71,81.6
F,1.66,92.1
M,1.7,55.0
F,1.56,66.3
F,1.56,58.5
M,1.84,68.6
F,1.63,89.1
M,1.71,49.7
M,1.52,68.1
M,1.62,49.0
M,1.95,102.1
F,1.68,73.2
F,1.61,57.1
F,1.6,57.7
F,1.59,67.7
M,1.81,84.4
F,1.74,67.2
F,1.83,73.1
M,1.85,87.7
F,1.54,44.5
F,1.7,81.6
F,1.68,52.6
M,1.79,69.2
F,1.52,53.8
F,1.73,76.3
F,1.7,58.1
F,1.65,61.7
M,1.83,93.4
F,1.68,94.5
M,1.71,66.6
F,1.48,58.3
F,1.7,77.0
F,1.71,61.0
M,1.84,81.7
F,1.65,74.5
F,1.79,70.5
M,1.55,63.3
M,1.71,75.5
F,1.68,57.5
F,1.61,61.1
F,1.62,63.1
F,1.65,66.0
F,1.72,58.7
F,1.62,72.8
F,1.78,57.5
M,1.84,75.1
F,1.68,64.0
F,1.7,83.7
M,1.8,95.8
M,1.76,85.9
M,1.61,64.2
M,1.82,71.1
F,1.58,59.6
M,1.85,91.1
F,1.48,38.5
F,1.65,62.3
M,1.85,90.6
F,1.81,88.5
F,1.52,67.4
F,1.71,94.1
F,1.56,57.2
M,1.62,73.3
F,1.59,97.4
F,1.61,54.7
F,1.72,81.9
F,1.81,70.2
M,1.84,81.4
F,1.73,68.6
M,1.59,58.6
M,1.78,72.7
F,1.55,83.4
F,1.81,62.4
M,1.71,55.5
F,1.43,52.0
M,2.03,135.6
M,1.83,84.5
F,1.89,85.3
M,1.69,76.1
M,1.83,90.2
M,1.81,71.4
F,1.81,83.1
F,1.68,59.6
F,1.62,54.3
F,1.47,55.6
M,1.76,91.8
F,1.56,63.7
M,1.78,101.5
F,1.69,99.4
M,1.78,90.8
M,1.74,118.8
M,1.62,75.5
F,1.53,57.7
M,1.67,85.9
M,1.79,159.8
F,1.78,97.4
M,1.82,84.0
F,1.6,69.3
F,1.66,55.7
M,1.74,70.0
F,1.73,77.0
M,1.95,93.0
F,1.72,56.6
M,1.77,120.2
M,1.69,79.3
M,1.86,64.6
M,1.68,81.7
M,1.6,71.2
M,1.91,84.9
F,1.66,92.0
M,1.75,57.7
F,1.72,89.8
F,1.74,62.8
F,1.63,66.5
M,1.63,82.4
F,1.56,55.9
F,1.66,57.2
M,1.74,60.6
M,1.76,85.6
M,1.83,84.7
M,1.85,68.6
F,1.55,47.3
M,1.65,52.2
F,1.66,62.5
F,1.67,56.0
M,1.8,63.8
F,1.81,68.5
F,1.87,69.1
M,1.68,71.0
M,1.72,87.6
F,1.71,61.6
M,1.69,57.0
F,1.59,66.7
M,1.55,70.3
F,1.57,69.7
F,1.68,54.1
M,1.8,67.1
F,1.45,62.7
F,1.74,136.2
M,1.78,66.4
M,1.74,83.4
F,1.52,43.5
M,1.72,81.1
F,1.68,61.7
F,1.73,80.6
F,1.62,51.1
F,1.55,64.7
F,1.56,72.1
M,1.8,153.6
F,1.6,47.7
F,1.52,54.1
M,1.74,87.6
F,1.74,71.2
F,1.53,50.2
F,1.67,70.1
M,1.75,81.7
F,1.55,67.6
F,1.8,80.4
F,1.62,88.2
M,1.85,87.8
F,1.58,53.3
F,1.51,57.1
F,1.6,81.5
F,1.56,57.7
F,1.63,63.3
F,1.56,49.8
M,1.8,115.8
M,1.92,86.2
F,1.64,73.9
M,1.63,67.8
F,1.59,64.5
F,1.58,80.6
F,1.64,65.5
F,1.85,71.8
M,1.72,95.4
F,1.66,56.5
M,1.82,89.5
M,1.75,88.0
F,1.38,42.9
M,1.73,130.0
M,1.6,63.3
M,1.81,92.5
M,1.86,101.8
F,1.67,62.2
M,1.82,90.4
M,1.74,84.4
F,1.52,51.9
M,1.69,50.2
M,1.8,75.1
F,1.43,51.9
M,1.72,87.6
M,1.57,53.5
M,1.71,76.7
F,1.53,77.9
M,1.83,89.9
M,1.84,79.7
F,1.72,58.0
M,1.61,81.8
F,1.69,91.2
M,1.84,64.4
F,1.76,94.3
M,1.89,98.7
M,1.95,91.6
M,1.83,102.1
M,1.63,58.3
F,1.63,89.2
M,1.66,78.6
F,1.53,50.8
M,1.68,100.5
F,1.68,68.1
M,1.81,91.6
M,1.77,65.2
M,1.84,97.3
M,1.53,61.7
F,1.68,48.1
M,1.7,71.2
F,1.51,57.1
M,1.75,62.3
F,1.57,57.9
M,1.64,65.7
M,1.63,54.3
M,1.52,58.4
M,1.77,88.3
M,1.86,81.0
M,1.97,74.2
F,1.71,68.9
F,1.7,61.5
F,1.7,99.7
F,1.62,54.5
F,1.54,61.2
F,1.54,38.6
M,1.93,72.7
M,1.49,60.4
F,1.66,78.4
M,1.62,58.4
M,1.6,48.1
M,1.79,95.0
F,1.58,70.0
M,1.88,72.5
F,1.61,61.3
F,1.52,48.9
F,1.45,45.6
F,1.58,81.2
F,1.66,54.4
F,1.66,53.1
M,1.77,79.3
F,1.65,58.9
M,1.73,105.1
M,1.66,66.8
F,1.62,56.4
F,1.57,60.1
M,1.83,66.0
F,1.78,67.7
M,1.78,83.4
F,1.55,80.9
F,1.54,62.0
M,1.77,86.6
F,1.5,44.6
F,1.81,74.2
F,1.57,57.6
M,1.86,70.4
F,1.77,69.4
F,1.55,53.3
F,1.45,60.1
M,1.87,111.3
F,1.71,78.7
M,1.89,68.8
F,1.57,78.3
F,1.66,48.1
F,1.62,49.8
F,1.66,64.9
M,1.75,85.7
F,1.58,88.5
M,1.79,80.9
F,1.53,49.0
F,1.7,69.0
M,1.79,90.6
F,1.71,60.2
F,1.61,50.7
F,1.6,88.9
M,1.85,92.8
F,1.7,83.1
M,1.66,60.1
M,1.67,61.1
F,1.67,87.7
F,1.55,103.3
M,1.78,67.1
F,1.43,43.0
M,1.75,64.6
M,1.87,116.9
M,2.0,111.2
M,1.74,70.5
F,1.79,96.3
M,1.75,114.2
F,1.69,98.3
F,1.7,58.7
M,1.72,86.9
M,1.9,76.1
F,1.62,60.6
M,1.79,71.5
F,1.72,69.0
M,1.84,57.6
F,1.69,63.4
F,1.5,72.3
F,1.57,56.6
F,1.57,67.8
M,1.71,61.8
F,1.48,45.2
F,1.52,55.4
F,1.8,88.9
F,1.71,51.1
M,1.63,50.2
M,1.79,108.7
M,1.77,83.7
F,1.64,62.0
F,1.54,43.7
M,1.84,74.2
M,1.51,65.6
M,1.7,60.2
M,1.86,64.1
M,1.96,72.0
M,1.65,57.9
F,1.77,93.4
F,1.52,54.8
M,1.76,78.8
M,1.92,68.8
M,1.75,79.5
F,1.81,108.4
F,1.62,63.1
F,1.55,45.3
F,1.71,76.3
F,1.38,39.1
M,1.68,90.9
F,1.51,43.7
F,1.84,81.1
M,1.51,50.7
F,1.45,51.6
F,1.65,44.7
F,1.73,86.0
F,1.61,54.8
M,1.73,68.5
M,1.87,115.9
F,1.61,71.6
F,1.66,93.9
F,1.54,83.9
M,1.89,163.8
F,1.58,53.8
F,1.6,127.7
M,1.73,65.4
F,1.62,72.8
M,1.76,94.5
F,1.61,60.7
M,1.86,89.1
M,1.78,66.4
M,1.65,66.3
F,1.4,51.9
M,1.82,99.4
M,1.65,71.9
F,1.44,50.5
F,1.58,70.7
M,1.75,65.4
M,1.79,83.9
M,1.79,66.3
M,1.73,83.4
F,1.57,71.4
F,1.58,67.5
M,1.71,54.9
M,1.74,67.0
F,1.67,62.5
F,1.72,82.0
M,1.68,71.6
M,1.88,91.5
M,1.7,79.6
M,1.84,74.4
M,1.93,89.1
F,1.74,88.8
F,1.74,59.6
F,1.43,60.2
F,1.6,54.8
F,1.75,76.9
F,1.69,81.2
M,1.56,82.4
M,1.75,67.8
M,1.9,71.7
F,1.81,63.0
M,1.76,72.1
M,1.68,96.7
F,1.55,56.0
M,1.62,47.2
M,1.76,111.4
F,1.62,56.4
F,1.64,50.6
M,1.9,88.7
M,1.82,68.9
F,1.47,42.9
M,1.73,88.4
F,1.67,78.9
F,1.66,53.1
F,1.66,53.2
M,1.74,74.7
F,1.68,59.6
F,1.66,75.8
F,1.64,56.3
F,1.78,81.3
F,1.58,68.4
M,1.87,85.7
F,1.59,55.4
F,1.58,57.7
M,1.87,97.4
M,1.63,65.8
F,1.78,51.0
F,1.62,64.5
F,1.58,62.6
F,1.67,61.6
M,1.76,79.6
M,1.7,59.6
M,1.9,69.6
M,1.74,77.9
F,1.64,51.8
M,1.91,112.2
F,1.58,71.3
F,1.61,83.1
F,1.64,62.7
F,1.64,62.8
F,1.74,71.5
F,1.56,71.8
M,1.94,100.7
M,1.77,86.1
M,1.77,61.4
F,1.67,58.1
M,1.83,84.3
F,1.73,65.8
M,1.87,92.3
F,1.68,67.9
F,1.48,71.6
F,1.7,86.3
M,1.9,167.8
F,1.5,53.8
F,1.7,60.0
F,1.49,57.6
M,1.65,52.6
M,1.55,64.6
M,1.67,80.9
M,1.71,63.2
F,1.67,52.5
F,1.69,97.2
F,1.65,60.5
F,1.6,57.9
M,1.81,82.0
F,1.54,63.1
M,1.76,69.7
M,1.69,76.9
F,1.84,74.4
M,1.71,60.7
M,1.76,69.0
M,1.65,65.1
F,1.56,48.1
M,1.84,68.5
F,1.53,73.9
F,1.57,77.5
M,1.9,100.9
M,1.86,89.6
M,1.74,60.8
M,1.79,73.4
F,1.54,64.4
M,1.85,93.8
M,1.7,86.1
M,1.68,56.0
M,1.76,70.3
F,1.51,54.9
F,1.78,58.2
M,1.72,86.9
M,1.83,80.8
M,1.86,115.6
F,1.59,51.2
M,1.7,57.2
F,1.76,90.5
F,1.53,68.6
F,1.53,68.8
M,1.64,61.4
M,1.71,77.4
F,1.52,51.0
M,1.82,80.7
M,1.83,102.0
F,1.78,78.7
M,1.67,68.2
F,1.58,59.6
F,1.69,53.8
F,1.51,57.3
F,1.61,49.9
F,1.61,57.4
M,1.68,70.7
M,1.7,96.3
M,1.81,67.0
M,1.67,83.1
F,1.51,94.3
M,1.7,75.9
M,1.77,88.1
F,1.47,45.5
F,1.64,57.3
M,1.83,72.3
M,1.76,103.3
M,1.71,74.0
F,1.74,76.5
F,1.7,88.8
F,1.58,51.7
M,1.68,53.4
M,1.63,75.7
F,1.62,64.0
M,1.81,57.4
F,1.68,75.7
M,1.82,98.8
M,1.91,88.4
M,1.72,81.5
M,1.96,84.9
M,1.73,63.3
M,1.77,64.1
M,1.9,75.8
M,1.83,63.4
F,1.59,54.9
M,1.67,76.5
M,1.74,68.8
M,1.51,50.5
M,1.82,64.5
F,1.42,61.1
M,1.84,81.2
M,1.64,53.3
F,1.65,56.6
M,1.58,82.7
M,1.69,74.8
F,1.68,72.7
F,1.7,83.3
M,1.59,63.2
F,1.68,67.9
F,1.57,67.4
M,1.81,80.0
M,1.77,87.7
M,1.77,67.8
F,1.56,50.6
M,1.74,56.6
M,1.73,97.8
M,1.75,58.7
F,1.76,77.8
M,1.85,54.9
F,1.47,52.1
M,1.75,88.6
M,1.82,131.6
M,1.86,77.7
F,1.57,65.0
M,1.7,84.1
M,1.63,63.0
F,1.59,77.9
F,1.65,61.5
F,1.51,48.5
M,1.56,61.5
M,1.66,68.1
F,1.53,54.6
M,1.55,69.4
M,1.61,72.2
M,1.95,108.4
F,1.7,78.3
F,1.64,66.5
F,1.61,53.7
F,1.54,58.2
F,1.53,48.1
M,1.68,57.1
F,1.64,68.6
M,1.6,75.9
F,1.56,56.8
M,1.79,59.4
M,2.0,70.9
F,1.6,57.6
F,1.73,95.2
M,1.99,110.8
M,1.77,87.2
M,1.74,61.4
M,1.78,59.5
M,1.86,91.3
M,1.75,73.7
M,1.78,84.8
M,1.7,79.6
F,1.57,71.9
F,1.65,69.4
M,1.86,135.5
M,1.7,68.0
M,1.65,70.4
F,1.68,62.3
M,1.81,69.4
F,1.58,73.2
M,2.07,88.1
F,1.67,81.9
F,1.65,54.5
M,1.64,53.8
F,1.73,79.1
F,1.6,83.3
F,1.55,95.5
M,1.76,101.2
M,1.8,55.0
M,1.62,52.5
F,1.63,64.4
F,1.7,71.6
F,1.61,67.1
M,1.67,79.6
M,1.65,69.9
M,1.85,96.3
M,1.65,59.4
M,1.81,100.3
F,1.5,64.2
M,1.7,72.6
F,1.49,43.0
M,1.52,49.4
M,1.73,59.5
F,1.65,57.2
M,1.85,69.1
M,1.75,75.0
F,1.75,49.7
M,1.76,62.0
F,1.58,52.7
F,1.43,47.0
F,1.75,78.1
M,1.71,81.9
F,1.44,61.5
M,1.59,48.6
F,1.66,67.8
F,1.66,51.8
M,1.76,92.1
M,1.86,85.7
M,1.71,69.1
M,1.84,88.1
M,1.94,90.0
F,1.67,51.3
F,1.7,70.2
F,1.68,80.4
F,1.65,54.9
M,1.91,115.3
M,1.45,40.6
F,1.75,86.2
F,1.46,49.4
F,1.81,72.6
M,1.74,76.3
M,1.83,75.4
M,1.65,60.2
F,1.76,63.3
F,1.68,77.4
F,1.71,109.8
M,1.74,94.7
F,1.72,101.4
F,1.69,60.9
M,1.8,64.6
F,1.47,55.7
M,1.81,90.9
M,1.88,105.6
M,1.83,82.5
M,1.84,63.5
F,1.54,48.9
F,1.58,68.1
M,1.57,67.4
F,1.75,58.3
M,1.74,78.3
F,1.59,50.9
M,1.6,88.6
F,1.67,107.7
F,1.65,75.5
F,1.65,50.9
M,1.8,93.3
M,1.61,71.4
F,1.62,74.8
M,1.77,81.3
F,1.67,82.5
F,1.51,107.1
M,1.71,57.5
M,1.77,60.8
M,1.7,67.8
M,1.93,120.5
M,1.88,91.4
F,1.53,44.6
M,1.71,74.0
F,1.55,64.0
F,1.71,69.7
M,1.8,78.7
F,1.72,56.7
F,1.77,65.3
F,1.7,53.5
F,1.84,78.2
F,1.46,55.1
M,1.57,42.1
F,1.66,94.6
M,1.77,92.2
F,1.53,58.8
M,2.01,102.9
M,1.81,80.7
F,1.56,106.6
M,1.39,53.2
M,1.82,66.6
M,1.96,105.3
F,1.69,63.5
M,1.73,86.0
F,1.61,85.6
M,1.74,80.6
F,1.56,59.2
F,1.75,69.8
M,1.74,58.9
M,1.95,107.9
M,1.79,95.1
F,1.66,115.0
M,1.66,80.0
F,1.58,48.8
F,1.53,69.2
M,1.88,79.7
F,1.63,65.1
M,1.85,69.0
M,1.75,70.2
F,1.45,39.8
M,1.79,63.3
F,1.61,63.0
F,1.62,61.7
F,1.58,53.0
M,1.9,73.3
M,1.56,55.8
F,1.45,66.9
M,1.66,81.7
M,1.78,68.9
F,1.47,54.4
M,1.7,74.0
M,1.83,82.7
F,1.49,57.4
M,1.83,81.2
F,1.52,86.8
M,1.85,111.7
M,1.86,66.9
M,1.89,74.1
F,1.63,71.7
F,1.6,100.1
M,1.74,60.2
F,1.6,59.7
M,1.69,60.8
M,1.69,72.7
M,1.8,64.8
M,1.72,76.4
M,1.6,75.8
M,1.57,50.5
F,1.73,71.0
M,1.67,71.1
M,1.76,76.7
F,1.69,76.4
M,1.81,62.8
M,1.67,75.0
M,1.83,69.3
M,1.64,55.7
F,1.56,56.0
F,1.42,41.6
M,1.88,81.7
M,1.65,52.2
M,1.66,75.6
F,1.75,67.0
M,1.84,79.6
M,1.72,99.9
M,1.9,92.2
M,1.83,92.1
F,1.54,58.0
M,1.67,78.9
M,1.93,98.1
F,1.46,65.4
F,1.74,63.2
F,1.62,77.1
M,1.89,90.5
F,1.45,60.1
F,1.69,78.4
M,1.74,65.7
M,1.64,74.4
F,1.64,55.2
M,1.76,74.3
F,1.65,61.0
F,1.6,54.8
F,1.79,72.3
M,1.9,82.1
M,1.83,82.5
M,1.83,146.9
F,1.63,51.3
F,1.63,88.1
M,1.74,56.3
F,1.51,62.4
M,1.66,79.9
M,1.68,125.8
M,1.55,59.2
F,1.64,61.8
F,1.46,51.2
M,1.68,69.4
F,1.69,72.6
M,1.77,88.5
M,1.79,72.9
M,1.56,60.1
M,1.59,48.4
M,1.82,93.9
M,1.74,61.8
F,1.68,88.3
M,1.89,102.8
M,1.77,59.0
F,1.7,65.0
M,1.85,77.0
M,1.88,76.3
F,1.72,66.9
F,1.67,71.8
M,1.86,99.4
F,1.54,54.2
F,1.58,49.6
F,1.43,45.7
M,1.66,62.6
F,1.58,59.8
M,1.73,60.8
M,1.75,105.5
M,1.91,92.1
M,1.71,142.1
M,1.87,116.9
F,1.64,55.4
F,1.45,39.3
M,1.66,53.5
M,1.75,84.5
F,1.42,95.3
F,1.59,52.2
M,1.66,59.3
F,1.57,59.0
M,1.82,69.1
M,1.77,87.2
F,1.75,85.9
M,1.77,83.5
M,1.64,66.6
F,1.51,63.9
F,1.57,54.8
F,1.74,65.9
M,1.74,70.0
F,1.54,61.7
F,1.59,58.7
F,1.59,79.6
M,1.78,65.6
M,1.75,64.8
F,1.75,143.4
F,1.6,59.8
M,1.73,64.1
M,1.85,107.6
M,1.7,71.4
F,1.65,56.3
M,1.73,71.0
F,1.79,74.4
M,1.72,66.0
M,1.64,67.6
M,1.78,69.0
M,1.68,98.8
M,1.8,151.9
F,1.53,65.5
M,1.82,61.3
F,1.59,43.7
F,1.5,46.9
F,1.43,58.9
F,1.69,84.6
F,1.78,86.4
M,1.99,97.9
F,1.53,57.4
F,1.59,62.8
M,1.81,71.9
F,1.73,65.3
F,1.62,63.5
M,1.84,74.6
M,1.7,82.6
F,1.56,52.7
F,1.65,69.8
M,1.74,78.7
M,1.74,78.2
F,1.58,76.2
F,1.61,57.6
M,1.7,69.0
M,1.65,57.7
M,1.92,91.3
F,1.7,95.3
F,1.49,44.4
F,1.59,73.3
M,1.8,81.5
F,1.59,56.6
F,1.44,48.8
M,1.67,78.7
M,1.72,67.1
F,1.65,64.8
M,1.89,108.5
M,1.82,75.3
M,1.69,125.4
M,1.77,79.4
F,1.76,72.5
M,1.84,65.4
F,1.66,91.3
M,1.67,55.0
M,1.86,94.0
M,1.95,88.5
M,1.55,64.7
F,1.5,42.8
F,1.82,68.9
M,1.75,75.2
M,1.63,74.5
F,1.74,60.9
F,1.49,59.2
M,1.75,80.6
M,1.84,80.7
F,1.59,87.5
M,1.69,87.2
M,1.75,81.1
F,1.49,55.9
F,1.47,54.8
M,1.76,100.8
M,1.88,97.1
M,1.79,75.8
M,1.65,51.1
M,1.75,61.6
M,1.63,65.5
M,1.93,84.1
F,1.71,59.4
F,1.74,84.9
M,1.7,58.5
F,1.71,70.2
F,1.55,48.6
M,1.63,76.1
F,1.57,63.3
F,1.88,95.8
F,1.52,48.9
F,1.52,61.2
M,1.76,95.3
M,1.7,64.6
F,1.49,65.8
F,1.56,66.6
M,1.72,59.2
M,1.79,101.8
M,1.67,85.7
F,1.66,75.2
F,1.6,64.7
F,1.85,85.1
M,1.79,68.2
M,2.0,94.1
F,1.59,45.9
M,1.75,78.1
F,1.53,47.7
M,1.78,77.7
M,1.86,99.4
M,1.82,78.3
M,1.77,64.2
M,1.81,88.6
F,1.74,67.8
M,1.82,119.3
F,1.66,68.9
F,1.6,59.2
M,1.72,56.8
F,1.74,84.4
F,1.54,49.3
M,1.6,50.2
M,1.75,90.5
F,1.46,51.1
F,1.72,86.0
F,1.64,70.6
M,1.74,65.9
F,1.5,60.8
M,1.77,76.2
F,1.54,70.9
F,1.61,73.4
M,1.72,60.6
F,1.45,40.8
M,1.72,81.5
M,1.77,73.8
F,1.94,108.5
F,1.64,54.1
F,1.67,63.3
M,1.8,77.1
M,1.74,65.7
F,1.68,89.6
M,2.01,106.1
M,1.67,58.1
F,1.38,37.4
M,1.66,101.0
M,1.67,61.6
F,1.66,77.3
M,1.77,98.0
M,1.94,78.3
F,1.59,62.7
M,1.78,94.1
F,1.49,52.1
F,1.53,54.9
M,1.82,85.9
M,1.72,59.4
F,1.73,89.0
M,1.93,101.0
F,1.57,64.2
F,1.62,55.1
F,1.48,42.2
F,1.54,60.8
F,1.6,74.1
M,1.88,101.7
F,1.7,93.8
F,1.6,53.6
F,1.76,78.5
M,1.69,70.5
F,1.75,75.1
M,1.8,73.0
M,1.79,69.1
F,1.68,67.6
F,1.69,53.0
M,1.85,75.0
M,1.7,72.5
M,1.81,90.5
M,1.74,83.7
M,1.63,65.9
M,1.81,113.8
F,1.8,98.3
F,1.54,62.2
F,1.82,113.9
M,1.79,66.7
M,1.61,52.1
F,1.6,77.5
F,1.8,65.7
F,1.74,85.8
M,1.67,56.9
M,1.71,63.8
M,1.78,73.2
F,1.66,79.5
M,1.59,72.1
F,1.61,67.6
F,1.61,50.1
F,1.69,53.7
F,1.7,86.4
M,1.8,79.1
F,1.58,72.8
M,1.79,66.9
M,1.76,61.6
M,1.82,128.1
F,1.71,77.2
M,1.79,63.3
M,1.88,67.5
F,1.63,64.0
F,1.66,56.4
F,1.66,59.9
M,1.86,75.7
F,1.68,52.3
F,1.83,73.2
F,1.63,67.9
F,1.76,57.9
M,1.82,61.9
M,1.8,71.4
M,1.87,75.8
F,1.68,53.2
F,1.54,45.0
M,1.83,97.1
M,1.69,73.8
F,1.77,58.5
F,1.52,57.8
F,1.63,57.8
M,1.84,69.7
M,1.92,61.5
M,1.73,82.5
F,1.57,58.6
M,1.74,78.3
F,1.76,91.1
F,1.71,54.2
F,1.72,76.1
F,1.56,50.4
M,1.9,78.0
M,1.66,79.0
F,1.84,71.1
M,1.68,74.5
M,1.64,63.5
F,1.67,77.2
M,1.6,47.7
M,1.69,83.5
F,1.73,57.8
M,1.54,59.6
M,1.56,53.2
M,1.83,95.3
F,1.59,60.7
M,1.74,57.3
M,1.66,70.6
F,1.6,59.1
F,1.54,53.5
M,1.72,98.5
M,1.79,94.5
M,1.8,73.1
M,1.74,80.6
M,1.69,50.7
F,1.85,63.3
F,1.53,58.0
M,1.65,53.8
F,1.64,102.4
M,1.85,94.6
M,1.97,81.4
F,1.69,72.1
M,1.75,49.3
F,1.61,60.6
M,1.92,79.8
M,1.83,115.7
M,1.84,70.4
F,1.59,77.5
F,1.65,69.8
F,1.51,55.0
F,1.71,63.7
M,1.84,91.1
M,1.7,74.8
F,1.62,70.3
M,1.74,84.2
M,1.86,92.4
F,1.59,63.5
F,1.74,97.6
F,1.59,55.6
M,1.6,64.3
M,1.87,65.2
M,1.71,74.9
F,1.43,55.8
F,1.68,53.4
M,1.62,73.0
M,1.81,89.7
M,1.81,59.6
F,1.7,73.3
M,1.71,59.4
M,1.75,56.8
F,1.56,77.9
M,1.71,68.1
M,1.8,79.7
M,1.65,49.6
M,1.85,101.7
F,1.65,67.1
M,1.8,72.5
M,1.86,78.2
M,1.75,68.2
M,1.61,58.0
M,1.61,74.2
M,1.8,75.2
F,1.54,45.2
F,1.69,60.3
F,1.48,48.0
M,1.78,91.6
M,1.77,57.3
M,1.8,75.7
M,1.76,87.8
M,1.74,74.2
M,1.73,59.6
M,1.63,74.7
F,1.67,107.9
M,1.66,55.0
M,1.77,72.0
M,1.57,58.2
F,1.64,52.3
F,1.79,85.5
F,1.55,79.9
F,1.71,51.0
F,1.75,60.7
M,1.85,95.3
F,1.53,56.2
F,1.45,69.8
F,1.46,45.0
F,1.51,46.8
M,1.83,80.3
F,1.4,38.2
M,1.55,64.6
M,1.85,83.4
F,1.73,57.4
M,1.84,75.0
F,1.49,43.7
M,1.74,112.7
F,1.75,53.8
M,1.75,68.2
M,1.61,56.9
F,1.64,49.8
F,1.57,55.0
M,1.79,62.7
F,1.51,55.9
F,1.77,93.1
M,1.82,74.2
M,1.71,77.3
F,1.65,79.8
F,1.67,58.1
F,1.4,56.4
M,1.71,76.5
M,1.83,77.0
F,1.67,71.8
F,1.58,50.0
F,1.69,77.5
M,1.55,68.1
M,1.67,56.6
M,1.79,80.5
F,1.62,58.4
F,1.52,49.8
M,1.78,64.0
F,1.68,83.0
M,1.55,40.1
F,1.54,63.1
M,1.97,135.1
F,1.59,74.3
M,1.71,82.6
M,1.73,68.4
M,1.72,75.7
F,1.65,80.3
M,1.77,83.2
F,1.7,67.6
M,1.72,82.4
M,1.95,96.4
M,1.7,86.8
F,1.65,51.4
F,1.61,48.1
F,1.49,63.4
M,1.66,72.4
F,1.69,67.9
M,1.6,85.0
M,1.7,61.9
F,1.67,61.7
F,1.64,86.0
F,1.6,73.8
F,1.73,55.8
M,1.73,72.7
M,1.81,61.0
M,1.85,58.1
M,1.78,75.6
M,1.78,63.8
M,1.87,78.3
M,1.96,93.6
M,1.75,89.0
M,1.77,66.0
M,1.86,70.7
M,1.85,72.4
M,1.69,77.6
M,1.62,57.6
F,1.78,83.8
M,1.71,76.4
M,1.73,88.9
F,1.5,79.6
F,1.72,70.6
M,1.73,60.0
M,1.89,67.6
F,1.46,55.4
M,1.69,76.9
M,1.65,55.7
M,1.66,74.9
F,1.57,51.4
F,1.74,54.6
F,1.65,51.5
F,1.59,48.7
F,1.55,65.8
F,1.7,65.3
F,1.46,58.7
F,1.68,92.2
F,1.8,86.4
F,1.7,68.9
M,1.78,80.2
M,1.89,131.1
M,1.8,80.3
F,1.65,64.2
F,1.66,77.4
M,1.92,90.3
M,1.79,85.5
F,1.78,70.7
M,1.8,96.5
M,1.68,78.5
M,1.94,93.5
M,1.75,59.4
F,1.47,59.0
F,1.64,84.3
F,1.74,76.6
F,1.61,62.2
M,1.66,79.9
F,1.7,77.0
F,1.8,57.3
M,1.78,83.9
M,1.72,55.9
M,1.58,61.5
F,1.51,44.0
F,1.68,65.0
F,1.64,65.4
F,1.46,54.2
M,1.66,80.6
F,1.57,72.5
F,1.86,72.5
F,1.62,51.5
F,1.8,76.9
F,1.68,75.0
M,1.8,60.5
F,1.53,78.4
M,1.56,67.5
M,1.86,72.7
M,1.78,78.9
F,1.55,67.7
F,1.43,49.8
M,1.73,68.9
M,1.72,96.7
F,1.64,65.1
M,1.83,95.9
F,1.55,45.3
M,1.71,70.4
M,1.81,124.0
F,1.86,83.5
F,1.7,61.5
M,1.82,91.5
F,1.45,70.0
F,1.59,72.4
F,1.67,66.2
F,1.64,60.8
M,1.72,58.1
F,1.68,71.4
F,1.53,61.2
F,1.52,56.3
F,1.74,76.2
F,1.6,82.1
M,1.67,69.2
M,1.62,59.6
F,1.55,45.5
M,1.74,76.9
F,1.56,57.7
F,1.54,63.6
M,1.76,50.0
M,1.76,65.1
F,1.38,55.8
F,1.71,117.5
F,1.46,57.1
F,1.56,71.5
F,1.75,64.8
M,1.74,79.3
M,1.78,72.4
F,1.86,128.9
M,1.73,76.4
F,1.48,58.1
M,1.6,56.2
M,1.82,56.6
M,1.85,66.9
F,1.68,45.2
F,1.68,90.0
F,1.58,51.5
F,1.62,59.2
F,1.58,74.5
F,1.78,109.5
F,1.82,94.1
F,1.79,89.4
M,1.84,62.7
M,1.68,53.6
M,1.84,68.8
F,1.65,67.0
F,1.6,48.4
M,1.75,66.4
M,1.77,63.3
M,1.98,87.3
M,1.6,69.3
F,1.85,64.3
M,1.74,78.6
M,1.75,68.3
M,1.61,91.3
F,1.67,72.4
M,1.92,71.1
M,1.69,50.4
F,1.76,72.2
F,1.77,83.7
F,1.81,115.2
M,1.94,105.1
M,1.85,77.7
M,1.72,65.6
F,1.75,70.8
M,1.75,70.2
F,1.6,72.1
F,1.57,50.1
M,1.62,67.8
M,1.74,68.9
F,1.57,47.9
M,1.84,89.2
F,1.64,77.1
M,1.73,70.8
F,1.65,67.3
F,1.61,59.7
M,1.78,76.7
F,1.61,57.6
M,1.79,68.6
M,1.63,76.9
M,1.8,64.9
F,1.61,64.4
M,1.82,97.5
F,1.65,69.2
F,1.62,80.0
F,1.57,73.0
M,1.7,66.7
F,1.64,51.2
M,1.76,85.1
F,1.58,56.3
F,1.53,51.9
M,1.67,58.1
M,1.71,83.4
M,1.67,87.0
F,1.64,70.9
M,1.78,77.5
F,1.64,76.7
M,1.85,61.0
F,1.52,42.2
M,1.85,136.3
F,1.66,130.3
F,1.7,72.5
F,1.62,64.1
M,1.7,85.8
F,1.53,57.4
F,1.47,43.5
M,1.67,67.6
F,1.59,40.9
F,1.59,85.9
F,1.61,75.1
M,1.78,59.7
M,1.82,89.5
F,1.84,66.6
F,1.66,59.2
M,1.72,74.8
M,1.76,68.2
M,1.82,61.7
M,1.71,57.9
F,1.6,64.1
F,1.61,55.3
M,1.84,68.3
F,1.87,98.0
F,1.77,58.7
F,1.81,88.6
F,1.75,65.4
M,1.89,104.8
F,1.65,64.6
F,1.72,83.8
M,1.62,56.5
M,1.88,82.9
F,1.67,81.4
F,1.55,57.4
M,1.69,86.8
F,1.68,77.4
M,1.83,70.9
M,1.72,100.9
M,1.74,65.5
F,1.5,47.0
M,1.67,105.7
F,1.65,75.2
M,1.76,66.1
M,1.93,71.3
M,1.5,59.6
F,1.65,55.3
F,1.61,68.5
M,1.83,85.5
M,1.91,98.4
M,1.75,69.2
F,1.67,88.6
M,1.63,75.7
F,1.42,38.5
M,1.6,51.6
M,1.78,75.1
F,1.81,69.0
F,1.55,69.3
F,1.66,59.4
M,1.91,122.7
M,1.84,69.5
M,1.86,99.7
F,1.67,123.4
M,1.78,76.6
F,1.73,54.4
F,1.6,71.3
M,1.66,51.8
F,1.8,68.5
M,1.87,71.3
F,1.73,58.3
F,1.77,60.7
M,1.77,77.0
F,1.66,47.0
F,1.61,57.9
F,1.83,78.4
M,1.8,101.0
M,1.78,75.2
F,1.75,67.7
F,1.78,94.7
F,1.58,49.2
M,1.93,83.5
M,1.65,79.0
F,1.55,64.3
M,1.76,64.2
F,1.52,58.9
M,1.92,72.4
M,1.74,76.1
M,1.88,83.9
F,1.56,70.4
M,1.69,67.2
F,1.7,55.6
M,1.74,56.8
M,1.63,64.7
F,1.56,49.1
F,1.67,61.4
F,1.84,62.8
M,1.71,56.1
M,1.81,75.2
F,1.47,65.6
F,1.53,64.3
M,1.64,67.4
M,1.91,125.1
M,1.87,93.8
M,1.77,108.2
M,1.88,73.8
M,1.82,92.3
M,1.89,81.1
M,1.9,70.1
M,1.74,87.8
M,1.84,64.5
F,1.66,135.2
F,1.53,55.0
M,2.07,80.4
F,1.73,78.0
M,1.65,90.9
M,1.83,110.3
F,1.8,92.4
M,1.82,96.2
M,1.62,57.2
M,1.62,56.6
F,1.56,62.9
M,1.88,95.3
M,1.71,70.2
M,1.68,74.0
M,1.76,74.6
M,1.76,60.7
M,1.72,64.1
M,1.84,59.7
M,1.87,103.4
F,1.55,55.9
M,1.89,91.9
M,1.57,60.8
F,1.63,76.0
M,1.75,50.2
F,1.62,78.9
M,1.5,73.8
M,1.8,79.2
F,1.69,58.9
F,1.61,49.8
M,1.69,73.5
M,1.92,76.0
M,1.76,76.7
F,1.76,64.8
F,1.75,68.3
F,1.43,48.7
F,1.64,60.2
M,1.77,81.6
F,1.49,45.7
F,1.64,80.2
F,1.6,75.9
M,1.74,54.6
F,1.62,66.0
M,1.87,92.9
M,1.67,71.3
F,1.55,47.3
F,1.64,55.8
F,1.7,85.4
M,1.81,93.4
M,1.79,69.4
M,1.9,86.0
F,1.84,81.5
M,1.79,79.7
F,1.8,101.7
M,1.81,77.1
M,1.79,77.8
M,1.86,88.1
M,1.76,86.9
F,1.74,77.8
M,1.77,64.8
F,1.46,37.9
F,1.62,64.3
F,1.49,73.5
F,1.62,86.3
F,1.61,55.4
M,1.55,86.5
F,1.48,60.3
M,1.65,51.9
F,1.62,50.9
F,1.56,58.2
F,1.42,59.8
F,1.54,53.2
F,1.52,48.1
M,1.69,65.3
M,1.78,81.3
F,1.82,76.6
F,1.5,50.8
M,1.87,95.3
F,1.41,49.7
M,1.91,87.1
F,1.44,54.2
F,1.62,51.5
M,1.9,106.4
F,1.49,48.0
F,1.62,100.4
M,1.75,66.9
F,1.67,61.9
F,1.79,71.8
M,1.99,86.1
M,1.78,67.5
M,1.59,123.5
M,1.81,87.7
M,1.86,67.2
M,1.89,84.8
F,1.63,83.2
M,1.8,68.9
F,1.65,79.5
M,1.86,93.2
M,1.78,59.8
F,1.66,56.7
F,1.39,49.3
M,1.7,70.6
F,1.71,91.1
F,1.53,63.2
M,1.72,99.0
F,1.61,73.4
F,1.67,70.4
F,1.58,52.2
M,1.87,80.6
M,1.81,77.0
M,1.83,123.3
F,1.58,71.8
F,1.68,77.1
F,1.7,53.1
F,1.53,45.8
M,1.8,85.3
M,1.82,75.1
M,1.65,53.2
M,1.77,95.6
M,1.77,75.6
F,1.65,80.6
F,1.63,53.3
M,1.62,74.2
M,1.76,62.2
M,1.7,59.0
M,1.72,88.8
F,1.64,55.4
F,1.44,43.2
F,1.78,76.5
M,1.79,104.1
M,1.61,68.9
M,1.71,79.3
M,1.76,59.0
F,1.66,52.1
F,1.64,68.9
F,1.61,96.5
F,1.69,83.5
M,1.72,56.9
M,1.68,65.6
M,1.86,83.5
M,1.85,89.8
F,1.62,99.8
F,1.76,83.2
M,1.75,66.7
M,1.85,86.2
F,1.57,88.3
F,1.54,61.4
F,1.65,61.6
M,1.64,79.9
F,1.64,71.0
M,1.77,82.0
F,1.69,65.4
F,1.69,74.4
F,1.62,62.2
M,1.75,64.8
F,1.47,57.3
M,1.75,112.3
M,1.8,93.4
F,1.71,63.4
F,1.62,74.3
M,1.85,99.1
M,1.77,69.4
M,1.68,54.1
F,1.41,72.3
F,1.58,81.8
F,1.6,72.0
M,1.87,109.2
F,1.54,71.2
M,1.82,70.5
F,1.57,93.8
F,1.64,51.9
M,1.85,77.9
F,1.67,51.7
F,1.48,65.0
F,1.82,77.8
F,1.59,100.0
F,1.69,77.5
M,1.81,117.5
F,1.5,49.3
F,1.75,72.9
F,1.66,64.8
M,1.57,46.1
M,1.67,84.4
F,1.81,61.7
F,1.7,76.4
F,1.55,75.9
F,1.54,57.8
M,1.98,115.8
M,1.97,90.9
M,1.73,77.8
M,1.78,89.6
M,1.86,69.6
F,1.62,72.2
F,1.61,78.9
M,1.91,81.2
M,1.87,97.3
M,1.65,81.2
F,1.69,69.7
F,1.83,80.4
M,1.82,76.7
M,1.77,110.8
M,1.8,121.8
M,1.75,66.3
M,1.74,58.7
F,1.56,66.6
F,1.46,59.9
F,1.6,83.0
F,1.52,49.3
M,1.6,48.7
M,1.66,56.6
F,1.89,85.1
F,1.74,68.5
F,1.68,60.8
F,1.49,45.2
F,1.51,53.3
M,1.76,80.9
F,1.82,118.3
M,1.61,71.9
F,1.58,67.4
M,1.72,73.0
F,1.49,51.0
F,1.65,80.1
M,1.68,71.5
M,1.79,66.8
M,1.85,76.9
F,1.7,64.1
F,1.76,70.9
F,1.66,55.1
M,1.57,71.4
M,1.88,73.0
F,1.63,78.6
F,1.68,81.8
M,1.92,84.5
M,1.78,76.1
F,1.73,88.5
F,1.56,80.2
M,1.85,92.6
F,1.57,57.2
F,1.6,61.2
M,1.73,87.8
M,1.68,72.7
M,1.74,87.8
M,1.81,113.0
M,1.71,72.8
F,1.79,74.3
M,1.64,61.3
M,1.53,50.4
M,1.63,72.2
F,1.64,71.7
M,1.7,82.6
M,1.79,70.6
M,1.64,69.7
M,1.69,90.4
M,1.78,67.9
F,1.71,57.0
M,1.74,61.3
F,1.46,74.2
M,1.73,100.4
M,1.79,93.8
M,1.8,64.0
M,1.66,64.3
F,1.69,75.4
M,1.63,81.6
F,1.65,51.7
M,1.82,63.1
M,1.72,59.5
M,1.63,84.5
F,1.77,98.3
F,1.75,86.3
F,1.76,71.3
F,1.72,55.2
F,1.6,62.5
F,1.77,93.3
F,1.53,59.9
F,1.69,84.9
F,1.53,51.9
M,1.59,51.9
M,1.84,66.1
F,1.64,61.0
F,1.76,57.5
F,1.61,54.7
F,1.53,54.6
F,1.62,56.4
F,1.61,65.1
M,1.83,62.5
F,1.67,75.2
M,1.71,65.0
M,1.76,88.0
M,1.56,57.4
F,1.63,128.3
F,1.51,57.7
F,1.66,60.6
F,1.66,52.1
F,1.58,57.7
M,1.84,116.8
M,1.73,59.6
F,1.42,50.7
M,1.84,81.4
F,1.58,73.3
M,1.76,79.7
M,1.8,74.7
M,1.86,90.2
F,1.68,63.8
M,1.91,105.6
F,1.89,101.8
M,1.7,78.7
M,1.75,64.9
F,1.47,50.1
M,1.77,106.5
F,1.55,82.9
M,1.86,72.3
M,1.65,46.9
F,1.61,57.0
F,1.73,70.9
M,1.74,63.3
M,1.93,86.1
M,1.79,64.5
F,1.44,60.7
M,1.66,67.5
F,1.63,51.4
M,1.7,75.2
F,1.5,70.6
M,1.78,85.7
F,1.64,66.7
F,1.64,53.6
F,1.62,64.7
M,1.81,75.8
F,1.54,62.8
M,1.82,77.6
M,1.77,71.1
F,1.6,65.5
M,1.78,66.5
F,1.57,46.5
M,1.83,79.9
F,1.55,71.8
M,1.76,89.3
F,1.61,65.9
M,1.64,73.2
F,1.65,68.2
M,1.76,85.4
F,1.81,69.2
F,1.64,70.2
F,1.61,63.2
F,1.58,73.1
F,1.77,70.6
F,1.54,46.1
F,1.46,49.8
F,1.68,56.0
F,1.64,72.4
F,1.59,62.8
F,1.49,42.2
M,1.71,133.4
F,1.69,47.2
M,1.83,79.4
F,1.57,52.3
F,1.65,74.0
F,1.56,62.5
M,1.82,59.8
M,1.96,84.9
M,1.76,82.7
M,1.67,62.7
M,1.69,67.1
M,1.66,70.4
F,1.57,49.6
F,1.68,55.0
F,1.62,63.5
M,1.84,92.3
F,1.51,65.9
F,1.67,68.6
M,1.89,91.5
F,1.58,71.2
M,1.74,60.1
M,1.85,77.6
F,1.65,52.6
M,1.65,56.5
F,1.72,60.0
F,1.76,57.7
F,1.52,45.3
F,1.49,77.1
F,1.9,91.6
M,1.75,75.0
M,1.91,77.4
F,1.39,44.7
M,1.71,71.3
M,1.71,85.8
M,1.59,82.5
F,1.61,56.9
M,1.7,82.4
M,1.87,102.5
M,1.52,58.7
F,1.55,54.1
F,1.61,49.5
M,1.81,68.8
F,1.62,67.9
F,1.65,78.3
M,1.78,91.8
M,1.85,96.6
M,1.56,51.8
M,1.7,74.2
M,1.66,59.3
F,1.67,52.5
M,1.82,67.9
M,1.8,66.2
F,1.62,51.0
M,1.92,93.4
F,1.62,71.4
M,1.81,90.5
F,1.34,36.8
F,1.55,62.5
M,1.77,92.9
M,1.75,90.9
M,1.65,74.3
M,1.67,71.6
M,1.71,63.3
M,1.8,62.2
M,1.85,68.7
F,1.63,54.3
F,1.81,78.3
F,1.67,76.1
M,1.79,80.8
F,1.62,54.7
M,1.88,58.2
M,1.79,85.3
M,1.95,104.2
F,1.75,87.0
M,1.88,82.0
F,1.51,62.2
M,1.83,74.8
F,1.73,63.1
F,1.67,57.6
F,1.61,58.9
F,1.69,60.8
F,1.68,60.0
M,1.69,67.6
F,1.65,73.5
F,1.71,68.0
F,1.81,87.1
M,1.74,59.8
F,1.73,75.4
M,1.8,85.0
F,1.42,51.7
M,1.79,80.6
M,1.7,56.1
F,1.67,68.9
M,1.78,59.2
M,1.83,73.1
M,1.91,97.9
M,1.64,70.3
M,1.71,71.2
F,1.69,83.3
F,1.68,52.9
M,1.74,68.6
F,1.5,48.7
F,1.55,56.7
M,1.99,125.1
M,1.62,76.1
M,1.84,88.6
M,1.97,114.0
M,1.63,68.7
M,1.89,83.7
M,1.84,90.2
F,1.48,58.6
M,1.65,67.4
M,1.54,80.1
F,1.64,58.7
M,1.83,80.3
F,1.65,56.1
F,1.66,115.0
M,1.95,74.6
F,1.36,38.1
M,1.73,67.7
M,1.68,112.1
F,1.61,68.7
M,1.8,85.3
M,1.77,62.1
F,1.47,62.0
M,1.79,85.2
F,1.5,41.3
F,1.67,74.1
M,1.8,70.9
M,1.89,67.7
F,1.51,44.4
M,1.93,82.9
M,1.78,84.0
F,1.46,51.4
M,1.77,79.1
M,1.86,129.6
F,1.58,71.8
F,1.63,61.8
F,1.78,70.2
F,1.42,79.9
F,1.72,67.5
F,1.62,98.4
F,1.84,91.1
M,1.77,71.4
M,1.79,76.3
M,2.05,92.9
F,1.65,62.7
F,1.47,40.7
F,1.44,35.5
M,1.7,60.8
F,1.55,68.2
F,1.67,80.2
F,1.45,50.9
F,1.56,71.5
F,1.58,59.3
M,1.79,90.1
M,1.71,97.8
M,1.71,84.7
F,1.65,78.0
F,1.58,67.9
F,1.57,60.9
M,1.73,67.2
F,1.96,89.1
M,1.78,76.0
F,1.51,64.2
F,1.65,62.2
M,1.7,62.1
F,1.59,54.1
F,1.61,68.4
M,1.8,80.0
M,1.77,72.4
F,1.61,61.3
F,1.56,61.3
M,1.81,80.5
M,1.87,68.1
M,1.86,81.3
F,1.61,53.4
F,1.56,67.4
F,1.53,55.0
M,1.79,81.7
F,1.66,61.2
M,1.75,87.9
F,1.57,51.3
F,1.54,64.7
F,1.58,54.7
M,1.76,65.5
F,1.57,63.2
M,1.85,76.6
F,1.5,51.7
F,1.55,50.5
F,1.64,56.5
F,1.46,57.7
M,1.81,67.1
M,1.64,51.8
F,1.65,77.4
F,1.69,81.7
M,1.88,93.3
M,1.65,82.6
M,1.72,70.3
F,1.62,90.9
F,1.71,55.5
M,1.88,80.8
F,1.49,61.7
F,1.71,74.4
F,1.67,48.1
F,1.64,89.7
F,1.73,57.3
F,1.51,54.6
F,1.7,58.0
M,1.51,58.7
M,1.7,63.2
M,1.68,76.9
F,1.56,87.9
F,1.59,121.6
F,1.71,84.1
F,1.52,54.3
M,1.86,90.4
M,1.57,69.3
M,1.79,70.4
M,1.75,59.1
F,1.56,55.5
F,1.52,66.0
F,1.58,63.8
M,1.72,105.2
F,1.66,81.8
F,1.61,49.9
F,1.59,49.9
M,1.78,60.6
M,1.92,100.7
F,1.44,57.7
M,1.91,154.3
F,1.77,87.1
F,1.56,46.9
F,1.54,44.7
M,1.96,80.2
F,1.58,52.5
M,1.84,67.1
M,1.87,97.9
F,1.66,86.2
M,1.8,67.4
F,1.75,68.4
F,1.6,63.1
F,1.65,49.9
M,1.65,64.5
F,1.64,75.5
F,1.7,82.9
F,1.54,61.5
F,1.67,64.8
M,1.69,108.6
F,1.75,80.7
M,1.79,90.2
F,1.61,72.6
M,1.8,68.1
M,1.92,76.1
F,1.6,59.6
M,1.63,50.4
M,1.66,55.8
M,1.8,89.6
M,1.67,47.7
M,1.78,93.0
F,1.53,57.5
M,1.63,77.5
F,1.67,62.2
M,1.86,95.0
F,1.65,68.2
M,1.6,47.5
M,1.82,81.8
F,1.65,77.3
M,1.7,56.5
M,1.75,98.9
F,1.68,66.2
F,1.54,79.2
M,1.71,64.0
M,1.72,71.9
M,1.83,78.3
M,2.0,116.8
F,1.86,70.3
M,1.8,60.2
F,1.72,64.0
M,1.61,59.3
M,1.79,85.2
F,1.55,59.5
M,1.87,97.7
F,1.6,75.1
M,1.87,82.5
M,1.91,68.0
M,1.93,106.9
M,1.73,85.4
M,1.87,69.7
M,1.84,65.6
F,1.47,47.0
M,1.71,78.0
M,1.81,85.3
F,1.62,49.6
F,1.66,91.4
F,1.64,65.4
F,1.58,57.4
M,1.71,74.9
M,1.77,78.4
M,1.72,51.6
F,1.61,54.0
M,1.66,82.8
F,1.5,52.9
M,1.92,84.8
M,1.85,98.5
F,1.79,86.4
M,1.82,70.9
M,1.69,85.2
F,1.6,124.2
F,1.59,63.6
M,1.76,64.9
M,1.87,100.8
F,1.62,70.2
F,1.63,76.4
F,1.41,50.3
F,1.65,61.0
M,1.83,95.1
F,1.59,52.3
M,1.46,41.1
M,1.84,91.2
F,1.65,75.4
M,1.57,59.5
M,1.71,55.2
M,1.71,78.3
M,1.61,64.4
M,1.86,81.0
F,1.58,54.3
M,1.8,52.1
M,1.75,60.7
M,1.88,90.8
M,1.7,63.6
F,1.5,49.5
F,1.8,101.8
F,1.74,67.7
M,1.97,73.5
M,1.72,61.4
M,1.79,108.5
M,1.82,102.4
M,1.72,74.9
M,1.8,67.2
F,1.53,52.7
F,1.77,85.0
M,1.76,92.4
M,1.68,78.1
M,1.66,106.1
F,1.45,70.0
F,1.78,62.5
F,1.57,60.3
F,1.73,84.1
M,1.72,52.7
F,1.7,55.6
M,1.88,104.5
F,1.69,74.0
M,1.66,66.8
M,1.62,53.3
M,1.87,91.1
F,1.65,59.4
F,1.49,47.1
M,2.0,94.0
F,1.61,91.1
M,1.81,85.4
F,1.69,57.8
F,1.73,61.0
F,1.47,39.1
F,1.83,65.4
M,1.88,68.1
F,1.63,76.9
M,1.74,83.9
M,1.7,112.8
F,1.59,63.6
M,1.96,90.7
M,1.87,93.9
F,1.72,61.8
F,1.65,63.7
M,1.81,67.5
F,1.66,75.8
F,1.5,49.5
F,1.63,58.8
M,1.61,62.0
F,1.78,125.9
F,1.57,69.1
F,1.91,101.8
F,1.68,75.9
F,1.44,54.1
F,1.81,98.3
F,1.69,59.9
F,1.66,63.9
F,1.63,55.9
M,1.67,63.3
F,1.85,67.5
F,1.61,49.9
M,1.9,93.3
F,1.6,60.0
F,1.56,54.7
F,1.68,94.2
F,1.81,60.3
M,1.81,96.2
F,1.6,63.0
M,1.71,79.7
M,1.61,82.8
M,1.72,113.2
M,1.79,53.9
F,1.63,73.7
F,1.68,72.8
M,1.8,97.7
M,1.81,83.0
M,1.69,59.9
F,1.39,60.7
M,1.75,99.9
F,1.4,40.3
F,1.67,73.8
M,1.74,63.4
F,1.59,84.8
M,1.6,64.8
M,1.71,86.7
M,1.78,93.4
F,1.75,75.7
F,1.53,62.3
F,1.52,61.8
F,1.46,45.1
M,1.64,78.5
F,1.84,89.1
M,1.71,73.5
M,1.69,79.4
F,1.65,77.6
M,1.71,67.7
M,1.97,76.4
M,1.74,79.7
M,1.73,89.3
F,1.65,72.9
F,1.68,55.0
M,1.7,76.3
F,1.67,94.0
M,1.64,77.1
M,1.8,96.7
M,1.96,73.1
M,1.87,92.1
F,1.63,88.1
M,1.71,72.8
M,1.85,96.5
M,1.73,70.5
M,1.75,67.5
F,1.8,60.0
F,1.59,55.0
F,1.74,56.6
F,1.61,51.7
M,1.82,65.8
F,1.61,62.5
F,1.7,64.5
M,1.83,84.5
F,1.69,61.1
F,1.69,78.8
F,1.65,66.0
M,1.64,59.8
M,1.83,75.6
F,1.69,69.1
F,1.58,72.7
F,1.61,68.8
F,1.61,77.2
F,1.54,50.3
F,1.58,72.4
M,1.77,92.4
F,1.51,48.6
M,1.58,70.8
M,1.91,115.6
F,1.58,71.7
F,1.52,54.1
M,1.71,64.7
M,1.64,60.3
M,1.76,89.2
M,1.82,85.9
M,2.01,91.1
F,1.69,78.6
M,1.59,74.8
M,1.85,135.5
M,1.81,74.5
F,1.78,78.7
M,1.75,82.2
M,1.88,104.0
M,1.73,66.5
F,1.71,81.5
M,1.62,54.0
M,1.56,67.4
M,1.71,72.0
M,1.86,72.4
F,1.68,53.2
M,1.76,92.0
M,1.72,85.5
F,1.67,97.2
M,1.73,55.6
F,1.48,46.8
M,1.57,85.6
F,1.5,51.4
F,1.69,68.9
F,1.58,83.0
F,1.81,72.8
F,1.7,72.8
M,1.99,109.9
F,1.63,50.1
F,1.76,64.6
M,1.83,80.1
M,1.78,97.4
F,1.47,38.0
M,1.78,83.1
M,1.79,64.7
F,1.79,110.9
M,1.74,79.8
F,1.62,76.2
F,1.53,56.7
F,1.64,65.4
M,1.57,54.6
M,1.78,69.7
F,1.49,45.7
M,1.83,74.4
M,2.0,82.1
M,1.86,112.8
M,1.71,79.7
M,1.66,73.3
F,1.68,77.4
F,1.6,62.5
F,1.62,56.4
F,1.62,69.3
M,1.8,77.4
M,1.5,52.3
F,1.5,42.5
F,1.54,68.9
F,1.5,56.6
F,1.6,107.1
M,1.75,73.7
F,1.75,58.9
M,1.92,72.2
M,1.82,66.3
F,1.63,62.3
M,1.61,52.0
M,1.87,96.3
M,1.79,60.8
M,1.96,99.6
F,1.6,64.1
F,1.66,78.5
M,1.66,107.0
F,1.82,72.4
F,1.71,77.9
F,1.47,60.6
F,1.46,49.5
M,1.76,77.0
M,1.87,78.9
M,1.75,69.7
F,1.72,72.8
M,1.77,80.2
M,1.85,66.0
F,1.53,68.0
F,1.57,49.2
F,1.49,65.1
M,1.7,79.3
F,1.66,54.3
M,1.73,60.8
F,1.77,82.3
M,1.74,86.2
M,1.62,77.7
M,1.59,47.3
M,1.68,62.1
F,1.62,54.2
M,1.78,69.7
F,1.62,66.3
F,1.53,44.7
F,1.74,61.0
F,1.6,51.4
F,1.64,53.0
F,1.63,74.7
F,1.5,43.2
M,1.68,61.2
M,1.79,107.4
F,1.55,47.5
F,1.46,80.7
M,1.81,91.9
M,1.76,111.6
M,1.77,74.2
F,1.44,58.7
F,1.63,61.1
M,1.65,62.4
M,1.89,96.1
M,1.69,50.1
M,1.87,110.2
F,1.64,105.3
F,1.77,93.1
F,1.56,45.3
M,1.64,67.4
M,1.78,97.9
F,1.62,65.9
M,1.74,100.9
F,1.69,56.8
F,1.6,58.5
F,1.68,83.5
F,1.56,52.7
M,1.54,53.2
F,1.55,42.9
F,1.69,61.4
M,1.58,67.8
M,1.75,62.7
M,1.76,80.0
F,1.61,63.8
F,1.62,53.8
M,1.62,85.9
M,1.76,87.9
F,1.54,50.0
M,1.79,63.4
F,1.46,57.9
M,1.74,70.5
M,1.79,63.6
F,1.58,52.0
M,1.82,78.6
F,1.8,78.6
M,1.78,97.3
F,1.56,80.1
M,1.68,70.9
F,1.54,55.5
M,1.8,66.9
F,1.64,75.6
F,1.53,40.1
M,1.73,85.8
M,1.93,90.4
M,1.8,70.9
M,1.68,59.0
M,1.63,78.3
M,1.76,118.7
F,1.59,69.2
F,1.65,68.5
F,1.7,73.7
F,1.76,69.5
M,2.01,88.7
M,1.79,67.2
F,1.49,80.4
F,1.68,79.4
F,1.65,92.6
M,1.76,81.3
F,1.62,55.7
M,1.91,87.9
F,1.67,53.6
F,1.57,49.9
F,1.65,64.1
M,1.59,86.8
M,1.6,67.5
M,1.99,71.8
M,1.69,73.4
F,1.69,54.6
F,1.59,71.5
F,1.56,58.6
M,1.65,65.4
F,1.65,54.8
F,1.6,54.5
F,1.69,64.9
F,1.56,56.2
M,1.7,77.4
M,1.91,85.7
M,1.84,90.4
F,1.61,56.2
F,1.77,88.5
M,1.66,104.2
F,1.62,64.8
M,1.73,73.6
F,1.6,48.6
M,1.74,80.2
M,1.8,83.8
F,1.75,64.0
M,1.71,61.4
F,1.86,87.0
F,1.53,61.6
F,1.49,51.4
F,1.58,58.0
M,1.66,129.8
M,1.89,86.8
F,1.57,61.2
M,1.9,73.6
M,1.9,94.6
M,1.79,99.8
M,1.7,81.9
M,1.79,95.5
M,1.73,69.0
M,1.63,62.2
M,2.01,91.4
F,1.65,102.8
F,1.6,71.1
F,1.59,46.9
M,1.82,70.7
M,1.97,131.3
M,1.91,69.5
M,1.78,60.0
M,1.69,73.6
M,1.64,63.4
M,1.7,72.4
F,1.67,58.9
F,1.61,67.5
F,1.67,60.3
M,1.69,74.9
F,1.59,71.9
M,1.78,65.7
M,1.69,77.0
M,1.69,82.8
F,1.54,45.5
M,1.89,95.6
M,1.61,58.7
M,1.59,48.0
M,1.71,51.5
F,1.59,67.1
M,1.83,88.2
F,1.53,57.1
M,1.79,85.3
F,1.58,59.5
F,1.47,63.2
F,1.67,58.2
M,1.77,80.5
M,1.58,43.1
F,1.62,73.7
M,1.9,91.0
F,1.59,73.7
F,1.43,56.8
F,1.59,49.4
M,1.87,95.9
M,1.78,92.6
F,1.63,59.3
F,1.62,95.3
F,1.62,75.4
F,1.65,88.9
F,1.69,52.0
M,1.8,64.2
M,1.76,71.9
M,1.67,58.8
M,1.55,71.0
F,1.5,55.3
F,1.73,62.3
M,1.75,68.1
F,1.52,84.5
M,1.81,70.2
F,1.47,63.3
F,1.53,46.8
F,1.59,55.9
M,1.71,82.6
F,1.8,89.1
F,1.64,80.0
F,1.61,58.3
M,1.68,82.8
M,1.75,85.6
F,1.76,81.3
M,1.66,66.8
M,1.63,54.4
M,1.82,85.1
F,1.57,55.1
F,1.43,46.6
F,1.58,61.3
F,1.64,93.7
M,1.69,78.3
F,1.56,44.5
M,1.64,69.2
F,1.56,44.1
M,1.81,69.0
M,1.73,62.1
M,1.57,59.3
F,1.54,56.3
M,1.9,111.6
M,1.81,97.8
F,1.51,58.9
M,1.91,103.7
M,1.75,94.8
F,1.7,60.1
F,1.46,58.3
F,1.63,65.4
F,1.51,48.5
F,1.62,65.1
F,1.8,68.7
F,1.66,68.5
M,1.57,57.3
M,2.07,111.8
M,1.46,41.6
F,1.53,64.5
M,1.74,78.4
M,1.59,56.4
F,1.39,44.2
F,1.68,83.5
F,1.57,55.9
F,1.4,50.0
F,1.54,50.6
M,1.86,87.7
M,1.72,59.1
F,1.59,60.0
F,1.43,52.4
M,1.72,84.4
F,1.76,73.1
F,1.62,57.4
F,1.65,60.4
M,1.59,57.8
F,1.65,73.5
F,1.65,53.9
M,1.75,70.7
F,1.54,111.3
M,1.76,71.9
M,1.67,52.3
M,1.6,61.6
F,1.7,59.7
F,1.62,59.2
M,1.96,131.7
F,1.58,60.5
F,1.58,50.7
M,1.64,79.2
F,1.56,88.9
F,1.57,57.4
F,1.55,70.1
M,1.51,56.4
F,1.42,45.1
M,1.88,86.8
F,1.48,65.4
M,1.6,57.3
M,1.76,91.8
F,1.61,61.7
F,1.69,76.8
F,1.7,69.3
M,1.68,52.6
M,1.57,72.8
F,1.68,64.0
F,1.35,66.5
F,1.66,73.8
M,1.86,92.1
F,1.59,61.7
M,1.75,70.3
M,1.79,81.9
M,1.76,57.6
F,1.67,54.0
F,1.61,75.6
F,1.7,70.7
F,1.63,68.2
F,1.74,73.5
F,1.83,72.8
F,1.69,75.2
M,1.71,72.3
M,1.64,104.7
F,1.63,72.2
M,1.7,56.3
M,1.75,89.8
M,1.77,89.2
M,1.91,82.8
F,1.68,59.5
F,1.49,78.7
F,1.58,72.9
F,1.7,56.1
M,1.75,78.3
F,1.79,54.1
M,1.8,111.0
F,1.52,63.0
M,1.79,79.3
M,1.95,100.5
M,1.8,124.6
F,1.47,44.5
F,1.73,66.0
F,1.54,45.3
M,1.78,68.8
M,1.91,72.5
M,1.79,67.9
F,1.56,56.5
M,1.83,63.4
F,1.7,60.2
M,1.76,76.7
M,1.64,50.7
F,1.62,76.6
M,1.87,85.1
F,1.49,42.2
M,1.59,66.1
F,1.74,94.8
F,1.83,81.7
M,1.75,56.8
F,1.64,60.2
F,1.69,72.9
F,1.62,90.9
M,1.7,84.8
F,1.53,51.9
M,1.73,92.0
M,1.74,86.1
F,1.89,106.1
F,1.54,75.9
M,1.89,87.0
F,1.49,43.9
M,1.77,74.7
M,1.76,85.8
M,1.75,60.9
M,1.74,70.6
M,1.82,64.1
M,1.76,62.0
M,1.75,75.5
M,1.88,83.4
M,1.72,72.7
F,1.65,71.0
F,1.84,117.1
M,1.71,55.9
F,1.45,41.8
M,1.89,73.1
F,1.75,88.9
M,1.74,73.5
M,1.69,77.3
F,1.59,47.3
F,1.81,62.6
M,1.72,67.9
F,1.61,49.2
F,1.78,134.6
F,1.49,46.3
M,1.66,106.8
F,1.56,68.4
F,1.8,90.8
M,1.92,91.4
F,1.56,41.8
M,1.76,58.6
M,1.91,102.5
M,1.7,68.1
M,1.72,66.9
F,1.49,37.5
F,1.58,116.2
M,1.82,117.2
F,1.69,55.1
M,1.78,69.8
F,1.54,44.1
M,1.76,74.7
F,1.49,66.0
M,1.54,52.7
F,1.55,56.0
F,1.54,55.1
F,1.55,61.4
M,1.9,107.5
M,1.76,74.1
M,1.79,69.3
M,1.88,109.7
F,1.65,103.4
M,1.58,64.9
F,1.57,56.6
F,1.61,73.9
M,1.71,96.1
F,1.56,66.3
F,1.57,43.9
M,1.58,56.4
M,1.72,88.4
M,1.69,65.8
M,1.55,68.3
F,1.58,51.7
F,1.79,60.7
F,1.8,92.5
F,1.64,57.5
M,1.68,79.0
M,1.6,74.7
F,1.77,77.4
M,1.71,70.2
F,1.76,69.7
F,1.52,48.7
F,1.63,53.2
F,1.43,54.4
F,1.57,55.5
M,1.8,65.4
F,1.58,65.5
M,1.76,89.1
M,1.69,73.6
F,1.71,76.7
M,1.85,79.1
F,1.68,52.8
M,1.78,151.4
F,1.7,79.7
M,1.7,60.5
F,1.61,68.8
F,1.51,39.8
F,1.72,80.9
M,1.69,79.6
M,1.89,57.5
F,1.54,61.1
F,1.72,88.2
M,1.81,72.9
F,1.72,77.3
M,1.6,74.0
M,1.81,99.0
F,1.5,57.2
M,1.61,66.0
F,1.54,49.1
F,1.79,71.4
M,1.7,85.7
F,1.51,58.1
M,1.69,76.2
F,1.53,67.6
M,1.63,75.7
F,1.61,76.0
M,1.7,81.9
M,1.8,89.7
F,1.7,53.9
M,1.78,86.3
F,1.69,66.7
F,1.63,56.8
F,1.58,72.4
F,1.42,46.6
M,1.81,64.1
F,1.56,61.0
F,1.72,69.9
M,1.75,54.9
M,1.69,56.3
F,1.48,46.5
M,1.9,79.3
M,1.77,92.6
F,1.66,78.2
M,1.77,61.5
M,1.85,75.2
F,1.84,87.6
F,1.67,69.3
M,1.65,81.0
M,1.68,73.0
M,1.77,104.1
F,1.7,60.6
F,1.59,66.6
F,1.48,60.8
M,1.74,77.8
M,1.62,73.9
F,1.66,48.2
F,1.76,97.7
F,1.68,69.7
F,1.55,68.7
F,1.75,95.6
F,1.67,68.9
F,1.66,78.3
M,1.92,99.5
M,1.89,98.9
F,1.75,79.2
M,1.74,64.7
F,1.58,55.1
F,1.63,56.9
M,1.79,55.5
F,1.69,67.6
F,1.65,53.2
F,1.71,103.5
F,1.53,67.3
M,1.7,65.2
M,1.7,82.7
F,1.61,44.6
F,1.61,76.6
M,1.67,52.6
F,1.56,116.0
F,1.47,70.9
F,1.57,60.7
M,1.69,67.6
F,1.35,42.2
F,1.7,56.8
F,1.58,85.4
M,1.72,75.2
F,1.59,66.7
F,1.59,70.0
M,1.58,51.4
F,1.67,65.1
M,1.82,87.4
F,1.64,61.5
F,1.69,59.0
M,1.82,82.2
M,1.64,85.9
F,1.52,49.5
F,1.71,74.1
M,1.91,105.1
F,1.72,78.2
M,1.67,72.0
F,1.68,66.7
M,1.77,64.3
F,1.51,44.6
F,1.56,65.9
F,1.54,46.6
F,1.53,50.8
M,1.6,57.6
M,1.92,105.3
M,1.81,132.7
F,1.78,80.0
F,1.55,56.8
M,1.7,85.5
M,1.69,78.5
M,1.76,93.4
F,1.6,69.7
M,1.78,92.4
M,1.76,82.0
M,1.81,70.0
F,1.62,67.8
M,1.67,96.6
F,1.59,61.3
M,1.87,96.7
M,1.85,66.1
F,1.5,52.4
M,1.72,64.2
M,1.73,80.1
M,1.81,71.0
M,1.86,73.7
M,1.71,87.2
M,1.67,67.7
F,1.4,59.6
F,1.66,89.0
M,1.9,105.6
F,1.75,95.2
M,1.84,88.6
F,1.75,143.7
M,1.83,73.4
M,1.55,53.8
M,1.85,78.6
M,1.66,54.1
F,1.68,90.5
F,1.62,54.7
M,1.9,81.7
M,1.98,144.5
F,1.54,46.8
F,1.73,73.3
M,1.91,90.5
M,1.93,97.7
M,1.78,75.9
F,1.72,48.7
F,1.62,124.5
M,1.67,83.2
M,1.67,73.8
M,1.59,79.8
F,1.7,68.8
M,1.91,106.7
M,1.74,78.3
F,1.63,70.8
M,1.78,63.8
M,1.83,82.5
F,1.74,82.2
M,1.77,59.9
F,1.56,58.0
F,1.61,65.1
M,1.93,86.7
F,1.76,105.8
F,1.88,87.5
M,1.65,73.7
M,1.64,75.1
M,1.98,111.8
M,1.64,73.6
F,1.68,80.1
F,1.65,64.8
M,1.76,71.7
M,1.93,84.9
M,1.62,49.9
M,1.82,74.0
M,1.76,88.4
M,1.66,80.0
M,2.0,78.4
M,1.7,77.6
F,1.63,69.4
F,1.43,47.8
F,1.6,55.1
M,1.65,64.5
F,1.63,44.6
F,1.65,63.9
M,1.69,61.9
M,1.62,63.3
M,1.86,107.5
M,1.63,91.4
M,1.76,57.4
F,1.49,75.1
F,1.49,58.5
M,1.72,71.9
M,1.68,83.2
M,1.71,64.1
F,1.48,42.5
M,1.68,77.0
F,1.85,71.8
F,1.51,56.3
F,1.59,71.3
F,1.63,103.1
F,1.48,52.1
M,1.85,98.9
F,1.44,57.9
F,1.41,68.2
F,1.68,85.7
F,1.67,62.0
F,1.61,86.5
F,1.55,70.5
F,1.59,60.5
F,1.61,79.5
M,1.74,59.7
F,1.75,68.6
F,1.76,74.5
F,1.47,41.9
M,1.78,103.3
M,1.79,111.7
M,1.85,81.6
F,1.5,60.0
M,1.88,66.9
M,1.79,86.1
M,1.68,66.5
F,1.6,73.0
F,1.53,49.0
M,1.88,104.0
F,1.46,48.3
M,1.8,84.9
F,1.66,86.4
M,1.75,90.8
M,1.65,74.5
F,1.72,57.7
M,1.78,82.1
F,1.7,60.2
M,1.83,78.1
M,1.8,71.3
M,1.82,91.5
F,1.78,67.4
M,1.78,68.0
M,1.87,73.0
F,1.7,86.0
F,1.64,64.9
M,1.74,74.2
M,1.56,68.1
F,1.72,115.5
F,1.55,60.2
F,1.71,81.4
M,1.78,78.2
F,1.6,76.1
M,1.67,55.0
M,1.7,79.6
M,1.69,66.4
M,1.85,74.8
F,1.83,76.6
F,1.63,51.3
M,1.83,63.4
F,1.62,68.7
F,1.59,56.4
M,1.81,69.6
F,1.56,73.8
F,1.49,49.7
M,1.77,85.0
M,1.55,59.0
M,1.73,71.3
F,1.61,48.2
F,1.67,91.7
M,1.69,56.8
F,1.82,99.7
F,1.66,52.4
F,1.68,83.6
F,1.54,60.0
F,1.75,69.1
F,1.65,75.1
M,1.7,56.0
M,1.98,107.4
M,1.77,88.5
F,1.56,57.5
M,1.78,79.4
F,1.61,100.7
M,1.79,60.9
F,1.77,56.5
F,1.57,49.2
M,1.94,76.8
F,1.57,55.9
F,1.55,51.3
M,1.83,96.9
F,1.64,61.9
F,1.6,59.1
M,1.76,106.0
F,1.7,75.8
M,1.84,98.3
M,1.82,93.0
F,1.68,66.3
F,1.76,87.7
F,1.55,58.8
F,1.52,46.1
M,1.83,82.1
F,1.58,91.3
F,1.75,64.9
M,1.71,66.5
F,1.45,48.4
M,1.74,138.0
M,1.62,63.0
M,1.75,61.3
F,1.68,97.1
F,1.58,50.7
F,1.66,62.0
M,1.66,56.4
F,1.73,56.0
F,1.65,56.4
F,1.68,61.1
M,1.76,60.6
F,1.67,63.2
F,1.66,86.8
M,2.02,103.0
F,1.69,78.5
M,1.88,98.2
F,1.57,64.3
F,1.54,91.5
M,1.69,54.4
M,1.67,56.8
M,1.62,60.2
F,1.44,44.8
M,1.86,110.0
F,1.73,78.8
M,1.71,78.4
F,1.79,105.8
M,1.9,115.2
M,1.93,82.6
M,1.75,89.5
M,1.85,90.5
M,1.71,79.8
M,1.7,55.2
F,1.39,36.6
F,1.48,57.4
F,1.56,67.3
M,1.7,64.0
M,1.86,84.6
F,1.69,50.2
F,1.6,49.6
F,1.61,50.6
M,1.71,110.4
M,1.63,83.0
M,1.68,81.9
M,1.82,74.5
M,1.78,77.3
M,1.74,69.0
F,1.61,75.6
M,1.73,68.3
F,1.69,55.9
F,1.6,88.3
F,1.59,83.4
M,1.8,78.6
F,1.75,94.8
F,1.76,88.6
M,1.85,74.1
M,1.72,73.5
F,1.47,52.3
M,1.74,98.3
F,1.45,53.3
M,1.6,60.5
M,1.69,78.0
F,1.65,59.7
F,1.63,56.9
F,1.63,65.5
F,1.71,82.0
M,1.85,101.1
F,1.72,71.5
F,1.63,67.9
M,1.74,77.8
M,1.88,119.8
M,1.68,67.3
F,1.51,41.2
M,1.77,105.7
M,1.79,56.6
F,1.61,52.8
F,1.71,76.2
F,1.54,61.7
M,1.78,67.8
M,1.83,102.3
F,1.6,72.4
M,1.74,66.8
F,1.5,52.3
M,1.68,70.2
F,1.76,86.7
F,1.65,57.6
M,1.67,83.3
M,1.74,67.0
F,1.55,44.2
M,1.82,72.0
F,1.66,71.7
F,1.69,55.9
M,1.59,65.7
F,1.45,59.3
F,1.73,70.3
F,1.52,48.0
F,1.63,91.2
F,1.41,43.5
F,1.62,66.9
M,1.65,80.8
F,1.71,68.0
M,1.8,72.1
M,1.84,62.6
M,1.87,74.0
F,1.48,52.4
M,1.85,71.3
M,1.76,84.4
M,1.72,69.9
F,1.65,56.7
F,1.77,64.3
F,1.64,59.1
M,1.68,61.5
M,1.78,60.6
M,1.97,76.6
F,1.85,101.4
F,1.52,65.9
M,1.85,79.7
M,1.81,67.9
F,1.81,68.8
M,1.84,99.8
M,1.73,68.1
F,1.57,70.6
F,1.66,55.3
M,1.78,74.8
F,1.61,75.8
F,1.61,49.7
M,1.65,55.4
M,1.86,71.9
F,1.71,62.2
F,1.68,52.9
F,1.69,83.5
F,1.74,73.7
M,1.88,75.5
M,1.76,95.5
F,1.58,65.4
M,1.71,82.9
M,1.74,56.5
F,1.71,57.7
M,1.77,74.8
M,1.47,49.3
M,1.64,53.1
F,1.63,60.5
F,1.78,116.2
M,1.57,59.1
F,1.56,45.6
M,1.78,63.5
M,1.64,51.5
F,1.72,62.1
F,1.46,45.3
F,1.63,71.1
M,1.89,98.5
F,1.66,86.8
F,1.66,79.8
M,1.77,99.8
F,1.7,79.1
F,1.63,80.6
F,1.66,75.8
M,1.77,118.5
M,1.73,81.8
F,1.82,96.6
F,1.57,59.2
M,1.77,63.9
M,1.48,58.6
M,1.86,97.1
M,1.7,46.3
M,1.8,61.4
M,1.78,87.7
F,1.84,63.9
M,1.67,54.0
F,1.67,70.4
F,1.71,55.1
M,1.9,81.9
F,1.56,66.5
M,1.83,85.1
F,1.6,51.1
F,1.65,77.0
M,1.79,68.1
M,1.89,110.4
M,1.73,85.4
M,1.81,76.2
F,1.64,53.9
F,1.85,99.5
M,1.71,100.3
F,1.57,75.7
F,1.72,85.9
F,1.77,83.5
F,1.69,89.1
M,1.86,100.0
F,1.5,42.4
M,1.59,62.7
M,1.63,80.1
M,1.67,74.1
F,1.6,66.2
F,1.45,47.9
F,1.77,84.5
M,1.7,85.8
M,1.69,73.2
F,1.7,48.8
M,1.81,83.2
M,1.75,88.9
M,1.9,80.4
F,1.62,56.3
M,1.87,83.3
M,1.65,79.8
F,1.86,72.5
F,1.63,53.0
M,1.52,49.7
M,1.79,87.0
M,1.69,95.5
F,1.61,62.1
F,1.48,46.7
M,1.67,56.7
F,1.59,47.8
F,1.67,80.1
F,1.65,71.8
F,1.63,69.4
F,1.64,65.5
M,1.59,50.9
F,1.52,64.2
F,1.54,45.1
F,1.58,73.0
M,1.77,62.9
F,1.72,79.3
M,1.74,78.5
F,1.72,82.3
F,1.58,80.1
F,1.69,80.1
F,1.39,37.2
F,1.59,71.7
F,1.74,62.8
F,1.64,77.1
F,1.74,81.9
F,1.48,42.3
M,1.42,60.1
M,1.82,76.1
M,1.86,87.7
M,1.84,83.8
F,1.51,49.2
M,1.68,89.9
M,1.72,78.1
F,1.61,101.0
M,1.74,61.7
M,1.6,50.3
F,1.41,45.0
F,1.54,70.0
M,1.79,88.9
F,1.66,128.1
M,1.88,75.1
M,1.75,99.5
M,1.79,71.8
F,1.61,48.9
F,1.75,57.3
F,1.69,76.9
F,1.69,56.5
F,1.78,76.0
F,1.68,60.0
M,1.82,107.1
F,1.79,59.9
M,1.65,93.9
M,1.83,84.4
F,1.57,62.5
M,1.65,43.7
F,1.53,70.9
F,1.72,67.2
M,1.8,74.7
F,1.53,60.4
M,1.73,77.8
M,1.67,65.3
M,1.62,103.6
F,1.79,94.3
M,1.61,54.1
F,1.59,53.2
M,1.77,69.3
M,1.94,104.3
M,1.66,93.2
M,1.81,74.0
M,1.8,95.7
F,1.6,74.1
M,1.66,82.1
M,1.64,86.7
F,1.7,55.6
F,1.63,58.5
F,1.68,80.6
F,1.87,116.1
F,1.64,70.9
M,1.75,77.4
M,1.76,73.5
F,1.7,57.3
F,1.48,59.3
M,1.84,86.9
M,1.85,72.3
F,1.64,69.3
F,1.62,49.3
F,1.44,62.0
F,1.64,53.0
M,1.76,68.4
F,1.87,97.0
M,1.68,97.4
M,1.66,57.3
F,1.55,53.7
M,1.72,66.1
F,1.45,40.9
M,1.75,77.3
F,1.68,52.8
M,1.75,64.0
M,1.93,92.4
F,1.65,78.9
F,1.76,71.6
M,1.84,68.4
F,1.77,81.9
M,1.87,84.6
M,1.67,58.1
F,1.61,71.9
F,1.58,67.7
F,1.77,76.5
M,1.66,66.7
M,1.65,47.9
F,1.61,65.0
M,1.68,59.3
F,1.52,47.2
M,1.62,73.0
F,1.68,67.6
M,1.96,107.3
F,1.73,64.1
M,1.91,82.3
F,1.43,50.8
M,1.83,62.2
F,1.74,88.0
M,1.75,89.6
F,1.56,51.8
F,1.55,54.7
M,1.59,53.2
F,1.61,75.1
M,1.65,52.6
M,1.87,92.8
F,1.56,64.8
M,1.72,79.8
F,1.43,45.6
M,1.93,126.7
F,1.47,58.1
M,1.72,72.8
F,1.66,100.5
M,1.69,55.0
M,1.59,57.6
M,1.74,87.4
M,1.71,61.2
M,1.77,102.8
M,1.74,67.8
M,1.88,92.8
M,1.53,43.9
F,1.72,59.6
F,1.55,68.8
F,1.59,58.7
M,1.78,94.3
F,1.63,72.2
F,1.54,50.8
M,1.83,76.0
M,1.69,67.4
M,1.82,81.5
M,1.81,64.2
M,1.88,78.6
M,1.74,64.5
M,1.73,83.5
M,1.76,87.3
M,1.87,84.8
M,1.75,68.3
M,1.57,63.8
F,1.63,53.8
F,1.86,100.5
F,1.62,74.9
M,1.73,68.1
F,1.64,77.3
M,1.66,65.3
F,1.68,64.7
M,1.9,84.1
F,1.49,54.3
F,1.68,67.3
M,1.79,63.9
M,1.86,99.0
F,1.56,69.0
M,1.62,103.8
F,1.58,71.6
F,1.42,44.4
M,1.69,64.3
M,1.75,80.9
F,1.64,75.4
F,1.59,66.3
F,1.55,44.9
F,1.51,80.8
M,1.86,109.8
M,1.84,68.1
M,1.9,107.4
M,1.83,78.0
F,1.58,48.3
M,1.8,71.0
M,1.87,95.2
F,1.55,70.7
F,1.73,62.8
M,1.71,91.7
F,1.65,66.9
M,1.69,51.3
M,1.73,77.4
M,1.77,68.9
M,1.71,86.1
M,1.82,77.9
F,1.54,67.4
M,1.73,55.7
M,1.68,56.6
M,1.83,82.2
F,1.61,59.6
M,1.73,59.0
F,1.61,71.0
F,1.65,50.9
F,1.56,67.8
M,1.77,68.8
M,1.7,54.9
M,1.71,64.2
M,1.68,72.5
F,1.68,72.5
M,1.87,74.1
F,1.65,106.2
F,1.64,75.5
M,1.75,58.1
M,1.75,63.7
M,1.67,74.4
M,1.69,58.8
F,1.64,59.2
M,1.8,76.3
M,1.74,56.8
F,1.71,73.3
F,1.58,49.9
F,1.62,56.8
F,1.77,88.2
M,1.77,72.3
M,1.77,90.4
F,1.63,55.6
M,1.64,56.8
F,1.68,56.0
M,1.83,84.3
F,1.58,72.7
M,1.76,76.7
M,1.79,85.7
F,1.7,89.3
F,1.52,45.0
M,1.61,62.8
M,1.67,83.3
F,1.66,58.8
F,1.51,68.1
F,1.68,68.6
F,1.6,64.4
M,1.66,56.6
F,1.54,61.6
F,1.58,50.7
M,1.79,110.6
M,1.91,89.1
F,1.72,72.3
F,1.73,58.4
F,1.64,50.6
M,1.7,59.4
M,2.06,126.7
F,1.5,51.2
F,1.77,69.0
M,1.67,55.9
M,1.75,97.9
M,1.82,61.9
F,1.34,40.1
F,1.62,81.4
F,1.77,75.3
M,1.67,72.4
F,1.42,38.8
M,1.79,82.1
M,1.72,69.9
F,1.66,51.5
M,1.81,62.0
F,1.63,58.4
M,1.69,56.9
F,1.44,52.2
M,1.65,56.6
F,1.58,49.4
F,1.71,74.2
M,1.79,68.3
M,1.77,63.3
M,1.98,95.9
F,1.69,83.5
M,1.88,110.9
M,1.81,85.8
M,1.74,89.4
M,1.8,74.2
F,1.59,67.9
F,1.61,55.6
F,1.69,90.0
M,1.83,71.7
F,1.62,82.8
F,1.56,48.0
M,1.77,61.1
F,1.5,55.3
M,1.68,56.1
F,1.71,60.0
M,1.83,85.5
M,1.83,70.8
M,1.82,65.5
M,1.92,91.6
M,1.75,64.1
M,1.78,71.2
M,1.91,69.0
M,1.81,63.8
F,1.52,52.1
F,1.64,91.0
F,1.83,65.5
F,1.62,71.1
M,1.75,71.4
M,1.79,87.1
F,1.5,43.1
F,1.47,46.1
M,1.75,68.8
F,1.64,58.5
M,1.74,81.0
F,1.62,67.6
M,1.72,97.1
M,1.76,76.5
F,1.79,63.7
F,1.62,57.4
M,1.77,82.4
F,1.71,62.5
M,1.78,98.4
M,1.72,85.8
F,1.47,65.3
F,1.74,58.9
M,1.79,79.4
M,1.65,81.0
M,1.83,68.6
M,1.84,92.6
M,1.79,84.4
M,1.8,92.7
F,1.31,43.5
F,1.66,79.1
F,1.75,84.5
M,1.95,120.9
F,1.81,77.1
F,1.59,48.3
M,2.01,119.2
M,1.87,102.7
M,1.79,75.5
M,1.75,94.0
F,1.68,74.1
M,1.83,63.4
M,1.85,81.2
F,1.6,88.2
F,1.71,55.3
F,1.57,66.8
M,1.69,70.5
M,1.71,71.0
F,1.63,60.3
M,1.7,47.2
M,1.73,70.6
M,1.77,66.1
